Book Id,Title,Author,Author l-f,Additional Authors,ISBN,ISBN13,My Rating,Average Rating,Publisher,Binding,Number of Pages,Year Published,Original Publication Year,Date Read,Date Added,Bookshelves,Bookshelves with positions,Exclusive Shelf,My Review,Spoiler,Private Notes,Read Count,Owned Copies
68428,"Mistborn: The Final Empire (Mistborn, #1)",Brandon Sanderson,"Sanderson, Brandon",,"=""""","=""9780765311788""",0,4.49,Tor Books,Hardcover,541,2006,2006,,2025/11/27,to-read,to-read (#188),to-read,,,,0,0
8855321,"Leviathan Wakes (The Expanse, #1)",James S.A. Corey,"Corey, James S.A.",,"=""1841499889""","=""9781841499888""",0,4.31,Orbit,Paperback,561,2011,2011,,2025/11/27,to-read,to-read (#187),to-read,,,,0,0
5499,Midaq Alley,Naguib Mahfouz,"Mahfouz, Naguib",Trevor Le Gassick,"=""0385264763""","=""9780385264761""",0,3.87,Anchor Books,Paperback,286,1992,1947,,2025/10/31,to-read,to-read (#186),to-read,,,,0,0
195790527,The Fertile Earth,Ruthvika Rao,"Rao, Ruthvika",,"=""1250899907""","=""9781250899903""",0,4.20,Flatiron Books,Hardcover,384,2024,2024,,2025/10/06,to-read,to-read (#185),to-read,,,,0,0
5300987,The Dark Abode,Sarojini Sahoo,"Sahoo, Sarojini",,"=""""","=""9788190695626""",0,4.17,Indian AGE Communication,Paperback,168,2008,2008,,2025/10/06,to-read,to-read (#184),to-read,,,,0,0
33981909,Sundarikalum Sundaranmarum (Malayalam),Uroob,"Uroob, Uroob",,"=""""","=""""",0,3.95,DC Books,Kindle Edition,448,2004,1958,,2025/10/06,to-read,to-read (#183),to-read,,,,0,0
13624995,ಅಂಚು [Anchu],S.L. Bhyrappa,"Bhyrappa, S.L.",,"=""""","=""""",0,3.82,Sahitya Bhandara,Paperback,351,1990,1990,,2025/10/06,to-read,to-read (#182),to-read,,,,0,0
13625003,ಧರ್ಮಶ್ರೀ [Dharmashree],S.L. Bhyrappa,"Bhyrappa, S.L.",,"=""""","=""""",0,4.23,Saahitya Bhandara Prakashana,Paperback,264,1961,1961,,2025/10/06,to-read,to-read (#181),to-read,,,,0,0
11554723,ಮಲೆಗಳಲ್ಲಿ ಮದುಮಗಳು | Malegalali Madumagalu,Kuvempu,"Kuvempu, Kuvempu",,"=""""","=""""",0,4.09,,Hardcover,,,1967,,2025/10/06,to-read,to-read (#180),to-read,,,,0,0
13633552,ಚಿದಂಬರ ರಹಸ್ಯ [Chidambara Rahasya],K.P. Poornachandra Tejaswi,"Tejaswi, K.P. Poornachandra",,"=""""","=""""",0,4.19,Pusthaka Prakashana,Hardcover,217,1985,1985,,2025/10/06,to-read,to-read (#179),to-read,,,,0,0
59333205,The Earthspinner,Anuradha Roy,"Roy, Anuradha",,"=""0063220687""","=""9780063220683""",0,3.81,HarperVia,Hardcover,224,2022,2021,,2025/10/06,to-read,to-read (#178),to-read,,,,0,0
14061758,Chemmeen,തകഴി |Thakazhi Sivasankara Pillai,"Pillai, തകഴി |Thakazhi Sivasankara",Anita Nair,"=""9350290863""","=""9789350290866""",0,4.00,Harper India,Paperback,276,2011,1956,,2025/10/06,to-read,to-read (#177),to-read,,,,0,0
25660136,ഉമ്മാച്ചു | Ummachu,Uroob,"Uroob, Uroob",,"=""""","=""""",0,3.96,DC Books,Paperback,200,1991,1954,,2025/10/06,to-read,to-read (#176),to-read,,,,0,0
29861389,Pyre,Perumal Murugan,"Murugan, Perumal",Aniruddhan Vasudevan,"=""0670087750""","=""9780670087754""",0,3.91,Hamish Hamilton,Hardcover,200,2016,2013,,2025/10/06,to-read,to-read (#175),to-read,,,,0,0
35969834,"If You See Me, Don't Say Hi",Neel Patel,"Patel, Neel",,"=""1250183197""","=""9781250183194""",0,3.79,Flatiron Books,Hardcover,224,2018,2018,,2025/10/06,to-read,to-read (#174),to-read,,,,0,0
51077,The Last Song of Dusk,Siddharth Dhanvant Shanghvi,"Shanghvi, Siddharth Dhanvant",,"=""0345485009""","=""9780345485007""",0,3.73,Random House Trade Paperbacks,Paperback,336,2006,2004,,2025/10/06,to-read,to-read (#173),to-read,,,,0,0
32075853,Erotic Stories for Punjabi Widows,Balli Kaur Jaswal,"Jaswal, Balli Kaur",,"=""0062645129""","=""9780062645128""",0,3.93,William Morrow,Hardcover,304,2017,2017,,2025/10/06,to-read,to-read (#172),to-read,,,,0,0
50607466,"The Henna Artist (The Jaipur Trilogy, #1)",Alka Joshi,"Joshi, Alka",,"=""0778310205""","=""9780778310204""",0,4.18,Mira Books,Paperback,384,2020,2020,,2025/10/06,to-read,to-read (#171),to-read,,,,0,0
214151348,Rosarita,Anita Desai,"Desai, Anita",,"=""1668082438""","=""9781668082430""",0,3.15,Scribner,Hardcover,112,2025,2024,,2025/10/06,to-read,to-read (#170),to-read,,,,0,0
205544315,Heart Lamp: Selected Stories,Banu Mushtaq,"Mushtaq, Banu",Deepa Bhasthi,"=""1916751164""","=""9781916751163""",0,3.79,And Other Stories,Paperback,215,2025,2024,,2025/10/06,to-read,to-read (#169),to-read,,,,0,0
61070523,For She Is Wrath,Emily  Varga,"Varga, Emily",,"=""1250877385""","=""9781250877383""",0,3.63,Wednesday Books,Hardcover,389,2024,2024,,2025/10/06,to-read,to-read (#168),to-read,,,,0,0
5211,A Fine Balance,Rohinton Mistry,"Mistry, Rohinton",,"=""140003065X""","=""9781400030651""",0,4.38,Vintage,Paperback,603,1997,1995,,2025/10/06,to-read,to-read (#167),to-read,,,,0,0
13699805,"Gabriela, Clove and Cinnamon",Jorge Amado,"Amado, Jorge",,"=""0307276651""","=""9780307276650""",0,4.15,Vintage,Paperback,426,2006,1958,,2025/10/06,to-read,to-read (#166),to-read,,,,0,0
224004055,Mother Mary Comes to Me,Arundhati Roy,"Roy, Arundhati",,"=""1668094711""","=""9781668094716""",0,4.50,Scribner,Hardcover,331,2025,2025,,2025/10/06,to-read,to-read (#165),to-read,,,,0,0
222683974,The Loneliness of Sonia and Sunny,Kiran Desai,"Desai, Kiran",,"=""0307700151""","=""9780307700155""",0,3.89,Hogarth,Hardcover,688,2025,2025,,2025/10/06,to-read,to-read (#164),to-read,,,,0,0
255063,A Black Englishman,Carolyn Slaughter,"Slaughter, Carolyn",,"=""0312424280""","=""9780312424282""",0,3.67,Picador,Paperback,352,2005,2004,,2025/10/06,to-read,to-read (#163),to-read,,,,0,0
50148,Lizard,Banana Yoshimoto,"Yoshimoto, Banana",,"=""0571212158""","=""9780571212156""",0,3.74,Faber & Faber,Paperback,180,2001,1993,,2025/10/06,to-read,to-read (#162),to-read,,,,0,0
10222,The Far Pavilions,M.M. Kaye,"Kaye, M.M.",,"=""031215125X""","=""9780312151256""",0,4.20,St. Martin's Griffin,Paperback,958,1997,1978,,2025/10/06,to-read,to-read (#161),to-read,,,,0,0
41880609,On Earth We're Briefly Gorgeous,Ocean Vuong,"Vuong, Ocean",,"=""0525562028""","=""9780525562023""",0,4.01,Penguin Press,Hardcover,246,2019,2019,,2025/10/05,to-read,to-read (#160),to-read,,,,0,0
12031532,The Garden of Evening Mists,Tan Twan Eng,"Eng, Tan Twan",,"=""1905802498""","=""9781905802494""",0,4.15,Myrmidon,Hardcover,448,2011,2011,,2025/10/05,to-read,to-read (#159),to-read,,,,0,0
40642323,The Far Field,Madhuri Vijay,"Vijay, Madhuri",,"=""0802128408""","=""9780802128409""",0,3.87,Grove Press,Hardcover,432,2019,2019,,2025/10/05,to-read,to-read (#158),to-read,,,,0,0
9777,The God of Small Things,Arundhati Roy,"Roy, Arundhati",,"=""0679457313""","=""9780679457312""",5,3.96,Random House,Paperback,321,1997,1997,,2025/10/05,,,read,,,,0,0
785454,Train to Pakistan,Khushwant Singh,"Singh, Khushwant",Arthur Lall,"=""0802132219""","=""9780802132215""",0,3.94,Grove Press,Paperback,181,1994,1956,,2025/10/03,to-read,to-read (#157),to-read,,,,0,0
40238,Cracking India,Bapsi Sidhwa,"Sidhwa, Bapsi",,"=""1571310487""","=""9781571310484""",0,3.85,Milkweed Editions,Paperback,298,2006,1988,,2025/10/03,to-read,to-read (#156),to-read,,,,0,0
9522,Persepolis 1,Marjane Satrapi,"Satrapi, Marjane",,"=""2844140580""","=""9782844140586""",0,4.30,L'Association,Paperback,76,2000,2000,,2025/10/03,to-read,to-read (#155),to-read,,,,0,0
62119776,Magic Has No Borders,Sona Charaipotra,"Charaipotra, Sona","Samira Ahmed, Sabaa Tahir, Sayantani DasGupta, Tanaz Bhathena, Sangu Mandanna, Olivia Chadha, Nafiza Azad, Tracey Baptiste, Naz Kutub, Nikita Gill, Swati Teerdhala, Shreya Ila Anasuya, Tahir Abrar, Preeti Chhibber","=""0063208261""","=""9780063208261""",3,3.82,HarperCollins,Hardcover,352,2023,2023,,2025/09/28,,,read,,,,1,0
62919509,"Charming (Charming, #1)",Jade Linwood,"Linwood, Jade",,"=""1786188465""","=""9781786188465""",3,3.39,Solaris,Paperback,336,2023,2023,,2025/09/26,,,read,,,,1,0
214152423,"Beast (Charming, #2)",Jade Linwood,"Linwood, Jade",,"=""1837864470""","=""9781837864478""",4,3.35,Solaris,Paperback,368,2025,,,2025/09/26,,,read,,,,1,0
14836,Midnight’s Children,Salman Rushdie,"Rushdie, Salman",,"=""0099578514""","=""9780099578512""",0,3.97,Vintage,Paperback,647,1995,1981,,2025/09/05,to-read,to-read (#154),to-read,,,,0,0
50523477,"The Jasmine Throne (The Burning Kingdoms, #1)",Tasha Suri,"Suri, Tasha",,"=""0356515648""","=""9780356515649""",0,4.10,Orbit,Paperback,533,2021,2021,,2025/09/05,to-read,to-read (#153),to-read,,,,0,0
17354205,The Sleeping Dictionary,Sujata Massey,"Massey, Sujata",,"=""1476703167""","=""9781476703169""",0,4.17,Gallery Books,Paperback,528,2013,2013,,2025/09/05,to-read,to-read (#152),to-read,,,,0,0
215020997,Bury Our Bones in the Midnight Soil,V.E. Schwab,"Schwab, V.E.",Victoria Schwab,"=""1035064642""","=""9781035064649""",0,3.98,Tor,Hardcover,535,2025,2025,,2025/09/05,to-read,to-read (#151),to-read,,,,0,0
63051209,Dreadful,Caitlin Rozakis,"Rozakis, Caitlin",,"=""1803365471""","=""9781803365473""",3,3.67,Titan Books,Paperback,344,2024,2024,,2025/08/26,,,read,,,,1,0
4314911,"Annie's Adventures (Sisters Eight, #1)",Lauren Baratz-Logsted,"Baratz-Logsted, Lauren","Lisa K. Weber, Greg Logsted, Jackie Logsted","=""0547133499""","=""9780547133492""",0,4.00,Houghton Mifflin Harcourt,Hardcover,136,2008,2008,,2025/06/07,,,read,,,,1,0
89545,Socks,Beverly Cleary,"Cleary, Beverly",Tracy Dockray,"=""""","=""""",0,3.94,HarperCollins,Paperback,160,2015,1973,,2025/06/07,,,read,,,,1,0
6294,"Howl’s Moving Castle (Howl’s Moving Castle, #1)",Diana Wynne Jones,"Jones, Diana Wynne",,"=""006441034X""","=""9780064410342""",0,4.29,Harper Trophy,Mass Market Paperback,329,2001,1986,,2025/06/07,,,read,,,,1,0
231804,The Outsiders,S.E. Hinton,"Hinton, S.E.",,"=""0670532576""","=""9780670532575""",0,4.14,Puffin Books (US/CAN),Mass Market Paperback,208,1997,1967,,2025/06/07,,,read,,,,1,0
201146,"Little Bear (Little Bear, #1)",Else Holmelund Minarik,"Minarik, Else Holmelund",Maurice Sendak,"=""0590319671""","=""9780590319676""",0,4.25,"Scholastic, Inc.",Paperback,64,1999,1957,,2025/06/07,,,read,,,,1,0
32979,"The Secret of the Old Clock (Nancy Drew Mystery Stories, #1)",Carolyn Keene,"Keene, Carolyn","Russell H. Tandy, Sara Paretsky","=""1557091552""","=""9781557091550""",0,3.98,Applewood Books,Hardcover,210,1991,1930,,2025/06/07,,,read,,,,1,0
1325218,Scary Stories to Tell in the Dark,Alvin Schwartz,"Schwartz, Alvin",Stephen Gammell,"=""0590431978""","=""9780590431972""",0,4.06,"Scholastic, Inc.",Paperback,111,1989,1981,,2025/06/07,,,read,,,,1,0
537296,"Frog and Toad Are Friends (Frog and Toad, #1)",Arnold Lobel,"Lobel, Arnold",,"=""""","=""""",0,4.25,HarperCollins,Paperback,64,2003,1970,,2025/06/07,,,read,,,,1,0
84981,Tuck Everlasting,Natalie Babbitt,"Babbitt, Natalie",,"=""0374480095""","=""9780374480097""",0,3.91,"Farrar, Straus and Giroux (BYR)",Paperback,148,1985,1975,,2025/06/07,,,read,,,,1,0
348573,"The Borrowers (The Borrowers, #1)",Mary Norton,"Norton, Mary","Diana Stanley, Beth Krush, Joe Krush, Leonard S. Marcus","=""0152047379""","=""9780152047375""",0,4.03,Sandpiper,Paperback,180,2003,1952,,2025/06/07,,,read,,,,1,0
789344,"Encyclopedia Brown, Boy Detective (Encyclopedia Brown, #1)",Donald J. Sobol,"Sobol, Donald J.",,"=""0553157248""","=""9780553157246""",0,4.05,Yearling,Paperback,128,1985,1963,,2025/06/07,,,read,,,,1,0
281235,"Bunnicula: A Rabbit-Tale of Mystery (Bunnicula, #1)",Deborah Howe,"Howe, Deborah","James    Howe, Alan Daniel","=""1416928170""","=""9781416928171""",0,3.89,Atheneum Bo oks for Young Readers,Paperback,98,2006,1979,,2025/06/07,,,read,,,,1,0
231850,Corduroy,Don Freeman,"Freeman, Don",,"=""0670241334""","=""9780670241330""",0,4.33,Viking Books for Young Readers,Hardcover,32,1968,1968,,2025/06/07,,,read,,,,1,0
774001,"Amelia Bedelia  (Amelia Bedelia, #1)",Peggy Parish,"Parish, Peggy",Fritz Siebel,"=""0064441555""","=""9780064441551""",0,4.19,Harper Trophy,Paperback,63,1992,1963,,2025/06/07,,,read,,,,1,0
41044096,Island of the Blue Dolphins,Scott O'Dell,"O'Dell, Scott",,"=""0547488890""","=""9780547488899""",0,3.88,HMH Books for Young Readers,Kindle Edition,194,2010,1960,,2025/06/07,,,read,,,,1,0
19543,Where the Wild Things Are,Maurice Sendak,"Sendak, Maurice",,"=""0099408392""","=""9780099408390""",0,4.25,Red Fox,Paperback,38,2000,1963,,2025/06/07,,,read,,,,1,0
24178,Charlotte’s Web,E.B. White,"White, E.B.","Garth Williams, Rosemary Wells","=""0064410935""","=""9780064410939""",0,4.21,HarperCollinsPublishers,Paperback,184,2001,1952,,2025/06/07,,,read,,,,1,0
6310,"Charlie and the Chocolate Factory (Charlie Bucket, #1)",Roald Dahl,"Dahl, Roald",Quentin Blake,"=""0142403881""","=""9780142403884""",0,4.17,Puffin Books,Paperback,176,2005,1964,,2025/06/07,,,read,,,,1,0
1105380,"The Charm Bracelet (Fairy Realm, #1)",Emily Rodda,"Rodda, Emily",Raoul Vitale,"=""0060095849""","=""9780060095840""",0,3.90,HarperCollins,Hardcover,128,2003,2001,,2025/06/07,,,read,,,,1,0
2411828,"Philippa Fisher's Fairy Godsister (Philippa Fisher, #1)",Liz Kessler,"Kessler, Liz",,"=""1842556304""","=""9781842556306""",0,3.95,Candlewick Press,Hardcover,274,2008,2008,,2025/06/07,,,read,,,,1,0
37737,"Fudge-a-Mania (Fudge, #4)",Judy Blume,"Blume, Judy",,"=""0425193829""","=""9780425193822""",0,4.02,Berkley,Mass Market Paperback,176,2004,1990,,2025/06/07,,,read,,,,1,0
20498467,"Thursdays with the Crown (Castle Glower, #3)",Jessica Day George,"George, Jessica Day",,"=""1619632993""","=""9781619632998""",0,4.14,Bloomsbury USA Childrens,Hardcover,224,2014,2014,,2025/06/07,,,read,,,,1,0
13547802,"Fairest of All (Whatever After, #1)",Sarah Mlynowski,"Mlynowski, Sarah",,"=""0545403308""","=""9780545403306""",0,4.03,"Scholastic, Inc.",Hardcover,169,2012,2012,,2025/06/07,,,read,,,,1,0
7197913,"The Wide-Awake Princess (Wide-Awake Princess, #1)",E.D. Baker,"Baker, E.D.",,"=""159990487X""","=""9781599904870""",0,4.12,Bloomsbury USA Childrens,Hardcover,261,2010,2010,,2025/06/07,,,read,,,,1,0
161656,"The Tail of Emily Windsnap (Emily Windsnap, #1)",Liz Kessler,"Kessler, Liz",Sarah Gibb,"=""0763628115""","=""9780763628116""",0,3.93,Candlewick Press,Paperback,209,2010,2003,,2025/06/07,,,read,,,,1,0
444304,"The Field Guide (The Spiderwick Chronicles, #1)",Tony DiTerlizzi,"DiTerlizzi, Tony",Holly Black,"=""0689859368""","=""9780689859366""",0,3.93,Simon  Schuster Books for Young Readers,Hardcover,114,2003,2003,,2025/06/07,,,read,,,,1,0
2354843,"Circles in the Stream (Avalon: Web of Magic, #1)",Rachel Roberts,"Roberts, Rachel",,"=""1933164662""","=""9781933164663""",0,4.10,Seven Seas,Paperback,211,2008,2001,,2025/06/07,,,read,,,,1,0
58673892,Mamo,Sas Milledge,"Milledge, Sas",,"=""1684158176""","=""9781684158171""",0,4.35,BOOM!Box,Paperback,224,2022,2022,,2025/03/23,to-read,to-read (#150),to-read,,,,0,0
15645,Inferno,Dante Alighieri,"Alighieri, Dante",Anthony Esolen,"=""0812970063""","=""9780812970067""",0,4.03,Modern Library,Kindle Edition,490,2022,1321,,2025/03/23,to-read,to-read (#149),to-read,,,,0,0
220341389,Everything Is Tuberculosis: The History and Persistence of Our Deadliest Infection,John Green,"Green, John",,"=""0525556575""","=""9780525556572""",0,4.38,Crash Course Books,Hardcover,198,2025,2025,,2025/03/23,to-read,to-read (#148),to-read,,,,0,0
214331246,Sunrise on the Reaping (The Hunger Games),Suzanne Collins,"Collins, Suzanne",,"=""1546171460""","=""9781546171461""",0,4.51,Scholastic Press,Hardcover,387,2025,2025,,2025/03/23,to-read,to-read (#147),to-read,,,,0,0
210395729,Our Infinite Fates,Laura   Steven,"Steven, Laura",,"=""1250333881""","=""9781250333889""",0,3.67,Wednesday Books,Hardcover,352,2025,2025,,2025/03/23,to-read,to-read (#146),to-read,,,,0,0
213075628,When the Tides Held the Moon,Venessa Vida Kelley,"Kelley, Venessa Vida",,"=""1645661539""","=""9781645661535""",0,4.20,Erewhon Books,Hardcover,464,2025,2025,,2025/03/23,to-read,to-read (#145),to-read,,,,0,0
217896248,The Starving Saints,Caitlin  Starling,"Starling, Caitlin",,"=""0063418819""","=""9780063418813""",0,3.64,Harper Voyager,Hardcover,352,2025,2025,,2025/03/23,to-read,to-read (#144),to-read,,,,0,0
216971219,The Staircase in the Woods,Chuck Wendig,"Wendig, Chuck",,"=""0593156560""","=""9780593156568""",0,3.58,Del Rey,Hardcover,388,2025,2025,,2025/03/23,to-read,to-read (#143),to-read,,,,0,0
211004190,When the Moon Hits Your Eye,John Scalzi,"Scalzi, John",,"=""0765389096""","=""9780765389091""",0,3.79,Tor Books,Hardcover,326,2025,2025,,2025/03/23,to-read,to-read (#142),to-read,,,,0,0
218695937,The Dream Hotel,Laila Lalami,"Lalami, Laila",,"=""0593317602""","=""9780593317600""",0,3.61,Pantheon,Hardcover,336,2025,2025,,2025/03/23,to-read,to-read (#141),to-read,,,,0,0
217387935,The Incandescent,Emily  Tesh,"Tesh, Emily",,"=""1250835011""","=""9781250835017""",0,3.98,Tor Books,Hardcover,416,2025,2025,,2025/03/23,to-read,to-read (#140),to-read,,,,0,0
214152131,Malinalli,Veronica Chapa,"Chapa, Veronica",,"=""1668009013""","=""9781668009017""",0,3.41,Atria/Primero Sueno Press,Hardcover,384,2025,2025,,2025/03/23,to-read,to-read (#139),to-read,,,,0,0
211004176,The River Has Roots,Amal El-Mohtar,"El-Mohtar, Amal",,"=""1250341086""","=""9781250341082""",0,3.98,Tordotcom,Hardcover,105,2025,2025,,2025/03/23,to-read,to-read (#138),to-read,,,,0,0
210693153,A Harvest of Hearts,Andrea Eames,"Eames, Andrea",,"=""1645661881""","=""9781645661887""",0,3.60,Erewhon Books,Hardcover,437,2025,2025,,2025/03/23,to-read,to-read (#137),to-read,,,,0,0
217245618,The Names,Florence Knapp,"Knapp, Florence",,"=""0593833902""","=""9780593833902""",0,4.15,Pamela Dorman Books,Hardcover,328,2025,2025,,2025/03/23,to-read,to-read (#136),to-read,,,,0,0
216522711,The Eights,Joanna  Miller,"Miller, Joanna",,"=""0593851412""","=""9780593851418""",0,3.80,G.P. Putnam's Sons,Hardcover,384,2025,2025,,2025/03/23,to-read,to-read (#135),to-read,,,,0,0
214537790,The Antidote,Karen Russell,"Russell, Karen",,"=""059380225X""","=""9780593802250""",0,3.91,Knopf,Hardcover,432,2025,2025,,2025/03/23,to-read,to-read (#134),to-read,,,,0,0
15196,"Maus I: A Survivor's Tale: My Father Bleeds History (Maus, #1)",Art Spiegelman,"Spiegelman, Art",,"=""0394541553""","=""9780394541556""",5,4.39,Pantheon Books,Hardcover,159,1991,1986,,2025/03/23,,,read,,,,1,0
34506912,The Prince and the Dressmaker,Jen Wang,"Wang, Jen",,"=""162672363X""","=""9781626723634""",4,4.33,First Second,Paperback,277,2018,2018,,2025/03/23,,,read,,,,1,0
25179,Blankets,Craig Thompson,"Thompson, Craig",,"=""1891830430""","=""9781891830433""",0,4.06,Top Shelf Productions,Paperback,582,2003,2003,,2025/03/23,to-read,to-read (#133),to-read,,,,0,0
36952615,On a Sunbeam,Tillie Walden,"Walden, Tillie",,"=""1250178134""","=""9781250178138""",5,4.30,First Second,Paperback,533,2018,2018,,2025/03/23,,,read,,,,1,0
472331,Watchmen,Alan             Moore,"Moore, Alan","Dave Gibbons, John    Higgins","=""0930289234""","=""9780930289232""",0,4.39,DC Comics,Paperback,416,2005,1987,,2025/03/23,to-read,to-read (#132),to-read,,,,0,0
8127,"Anne of Green Gables (Anne of Green Gables, #1)",L.M. Montgomery,"Montgomery, L.M.",Jennifer Lee Carrell,"=""0451528824""","=""9780451528827""",5,4.33,Signet,Mass Market Paperback,320,2003,1908,,2025/03/23,,,read,,,,1,0
52782536,Land of Big Numbers,Te-Ping Chen,"Chen, Te-Ping",,"=""0358272556""","=""9780358272557""",0,3.93,Mariner Books,Paperback,233,2021,2021,,2022/11/19,,,read,,,,1,0
57846320,The School for Good Mothers,Jessamine Chan,"Chan, Jessamine",,"=""""","=""""",0,3.53,Simon & Schuster,Hardcover,336,2022,2022,,2025/03/23,to-read,to-read (#131),to-read,,,,0,0
34051011,Pachinko,Min Jin Lee,"Lee, Min Jin",,"=""""","=""""",4,4.34,Grand Central Publishing,Kindle Edition,496,2017,2017,2023/08/13,2022/12/05,,,read,,,,1,0
57945316,Babel,R.F. Kuang,"Kuang, R.F.",,"=""0063021420""","=""9780063021426""",3,4.15,Harper Voyager,Hardcover,544,2022,2022,,2025/03/23,,,read,,,,1,0
210223811,Katabasis,R.F. Kuang,"Kuang, R.F.",,"=""""","=""""",0,3.83,HarperVoyager,Kindle Edition,559,2025,2025,,2025/03/23,to-read,to-read (#130),to-read,,,,0,0
15817821,The Heroes of Olympus: The Demigod Diaries,Rick Riordan,"Riordan, Rick","Haley Riordan, Steve James, Joann Hill, Antonio Caparo","=""1423178068""","=""9781423178064""",5,4.11,Disney Hyperion,Kindle Edition,264,2012,2012,2016/01/01,2016/12/03,,,read,,,,1,0
17262126,Mastering the Art of Soviet Cooking: A Memoir of Food and Longing,Anya von Bremzen,"Bremzen, Anya von",,"=""0307886816""","=""9780307886811""",0,4.03,Crown,Hardcover,339,2013,2013,,2023/02/10,to-read,to-read (#129),to-read,,,,0,0
27237703,"Disenchanted: The Trials of Cinderella (Tyme, #2)",Megan   Morrison,"Morrison, Megan",,"=""054564271X""","=""9780545642712""",5,4.37,Arthur A. Levine Books,Hardcover,416,2016,2016,,2023/02/10,,,read,,,,1,0
34847351,Transformed: The Perils of the Frog Prince (Tyme #3),Megan   Morrison,"Morrison, Megan",,"=""""","=""""",5,4.29,Scholastic,Unknown Binding,,2019,2019,,2023/02/10,,,read,,,,1,0
54814676,Crying in H Mart,Michelle Zauner,"Zauner, Michelle",,"=""0525657746""","=""9780525657743""",0,4.23,Knopf,Hardcover,256,2021,2021,,2022/12/05,to-read,to-read (#128),to-read,,,,0,0
56978077,The Well,Jake Wyatt,"Wyatt, Jake",Choo,"=""1626724148""","=""9781626724143""",0,4.07,First Second,Paperback,176,2022,2022,,2022/11/19,to-read,to-read (#127),to-read,,,,0,0
39988,Matilda,Roald Dahl,"Dahl, Roald",Quentin Blake,"=""043512398X""","=""9780435123987""",5,4.33,New Windmills,Hardcover,240,1992,1988,,2022/11/19,,,read,,,,1,0
1845,Into the Wild,Jon Krakauer,"Krakauer, Jon",,"=""0385486804""","=""9780385486804""",5,4.02,Anchor Books,Paperback,207,1997,1996,,2022/11/19,,,read,,,,1,0
16068905,Fangirl,Rainbow Rowell,"Rowell, Rainbow",,"=""""","=""""",3,3.94,St. Martin's Griffin,ebook,483,2013,2013,,2016/11/27,to-read,to-read (#8),to-read,,,,0,0
57992923,Squire,Nadia Shammas,"Shammas, Nadia",Sara Alfageeh,"=""006294584X""","=""9780062945846""",0,4.04,Quill Tree Books,Paperback,305,2022,2022,,2022/11/19,to-read,to-read (#126),to-read,,,,0,0
59807954,Other Birds,Sarah Addison Allen,"Allen, Sarah Addison",,"=""1250019869""","=""9781250019868""",0,4.02,St. Martin's Press,Hardcover,290,2022,2022,,2022/11/19,to-read,to-read (#125),to-read,,,,0,0
13623848,The Song of Achilles,Madeline Miller,"Miller, Madeline",,"=""""","=""""",3,4.31,Ecco,Paperback,408,2012,2011,,2022/11/19,,,read,,,,1,0
148787,The Woman Warrior: Memoirs of a Girlhood Among Ghosts,Maxine Hong Kingston,"Kingston, Maxine Hong",,"=""0394723929""","=""9780394723921""",5,3.73,"Vintage Books, a division of Random House",Paperback,243,1977,1976,,2022/11/19,,,read,,,,1,0
38357895,Convenience Store Woman,Sayaka Murata,"Murata, Sayaka",Ginny Tapley Takemori,"=""""","=""""",4,3.67,Portobello Books,Paperback,163,2018,2016,,2022/11/19,,,read,,,,1,0
59364173,I'm Glad My Mom Died,Jennette McCurdy,"McCurdy, Jennette",,"=""""","=""""",4,4.44,Simon & Schuster,ebook,320,2022,2022,,2022/11/19,,,read,,,,1,0
4671,The Great Gatsby,F. Scott Fitzgerald,"Fitzgerald, F. Scott",,"=""0743273567""","=""9780743273565""",5,3.93,Scribner,Paperback,180,1925,1925,,2022/11/19,,,read,,,,1,0
49552,The Stranger,Albert Camus,"Camus, Albert",Matthew  Ward,"=""""","=""""",4,4.03,Vintage International,Paperback,123,1989,1942,,2022/11/19,,,read,,,,1,0
16115153,Better Than Revenge,Alexandria Michelle,"Michelle, Alexandria",,"=""""","=""""",0,4.06,Wattpad,ebook,121,2015,2013,2022/11/19,2017/01/07,,,read,,,,1,0
24819555,The Curvy Tree: A Tale from the Land of Stories,Chris Colfer,"Colfer, Chris",Brandon Dorman,"=""0316406856""","=""9780316406857""",5,4.28,"Little, Brown Books for Young Readers",Hardcover,32,2015,2015,2016/01/01,2016/12/03,,,read,,,,1,0
25893837,Rivers of London Vol. 1: Body Work,Ben Aaronovitch,"Aaronovitch, Ben","Andrew Cartmel, Lee Sullivan","=""178276187X""","=""9781782761877""",0,3.87,Titan Comics,Paperback,128,2016,2016,,2018/01/07,to-read,to-read (#121),to-read,,,,0,0
6105976,Alice's Adventures In Wonder Land,Lewis Carroll,"Carroll, Lewis","Davina Porter, Sheri Lynn Boyer Dory","=""1402581041""","=""9781402581045""",5,3.99,Recorded Books ,Audiobook,0,2003,1992,2016/01/01,2016/12/03,,,read,,,,1,0
15745753,Eleanor & Park,Rainbow Rowell,"Rowell, Rainbow",,"=""1250012570""","=""9781250012579""",0,3.92,St. Martin's Press,Hardcover,328,2013,2012,,2018/07/30,to-read,to-read (#124),to-read,,,,0,0
28006096,"The Burning Maze (The Trials of Apollo, #3)",Rick Riordan,"Riordan, Rick",,"=""1368024122""","=""9781368024129""",0,4.26,Disney-Hyperion Books,Hardcover,448,2018,2018,,2018/05/20,to-read,to-read (#123),to-read,,,,0,0
39795562,The Secret Lives of Royals,Shalini Dua,"Dua, Shalini",,"=""""","=""9781732077706""",0,2.89,Shalini Dua,Paperback,218,2018,2018,,2018/05/20,to-read,to-read (#122),to-read,,,,0,0
23766634,"A Court of Wings and Ruin (A Court of Thorns and Roses, #3)",Sarah J. Maas,"Maas, Sarah J.",,"=""1408857901""","=""9781408857908""",0,4.46,Bloomsbury Publishing,Paperback,705,2017,2017,,2016/12/04,,,read,,,,1,0
18171953,Other Worlds,Jon Scieszka,"Scieszka, Jon","Shaun Tan, Ray Bradbury, Neal Shusterman, Tom Angleberger, Rebecca Stead, Shannon Hale, D.J. MacHale, Eric S. Nylund, Kenneth Oppel, Rick Riordan, Greg Ruth","=""""","=""""",0,4.12,HarperCollins Children’s Books (UK),Paperback,331,2013,2013,,2016/12/03,to-read,to-read (#29),to-read,,,,0,0
532069,Pink and Say,Patricia Polacco,"Polacco, Patricia",,"=""0399226710""","=""9780399226717""",5,4.49,Philomel Books,Hardcover,48,1994,,,2017/11/14,,,read,,,,1,0
2657,To Kill a Mockingbird,Harper Lee,"Lee, Harper",,"=""0060935464""","=""9780060935467""",5,4.26,Harper Perennial Modern Classics ,Paperback,323,2006,1960,,2017/11/14,,,read,,,,1,0
108077,The Watsons Go to Birmingham - 1963,Christopher Paul Curtis,"Curtis, Christopher Paul",,"=""044022800X""","=""9780440228004""",5,4.00,Laurel Leaf,Paperback,224,2000,1995,,2017/11/14,,,read,,,,1,0
7737902,The Ghost of Crutchfield Hall,Mary Downing Hahn,"Hahn, Mary Downing",,"=""0547385609""","=""9780547385600""",5,3.97,Clarion Books,Hardcover,153,2010,2010,,2017/06/29,,,read,,,,1,0
267972,Wait Till Helen Comes,Mary Downing Hahn,"Hahn, Mary Downing",,"=""0380704420""","=""9780380704422""",5,4.11,"Harper Collins, Inc.",Paperback,184,1987,1986,,2017/06/29,,,read,,,,1,0
892971,Jennifer Murdley's Toad,Bruce Coville,"Coville, Bruce",,"=""0671794019""","=""9780671794019""",5,3.90,Aladdin,Paperback,176,1993,1992,2017/01/01,2017/02/19,,,read,,,,1,0
308732,"Song of the Wanderer (The Unicorn Chronicles, #2)",Bruce Coville,"Coville, Bruce",,"=""0590459546""","=""9780590459549""",5,4.13,Scholastic Paperbacks,Paperback,336,2001,1999,2017/01/01,2017/02/19,,,read,,,,1,0
100915,"The Lion, the Witch and the Wardrobe (Chronicles of Narnia, #1)",C.S. Lewis,"Lewis, C.S.","Tormod Haugen, Per Svein Paulsen","=""""","=""""",5,4.24,HarperCollins Publishers,Paperback,206,2005,1950,2017/01/01,2017/04/05,,,read,,,,1,0
13623735,Always October: A Great Fall and Halloween Read for Kids,Bruce Coville,"Coville, Bruce",,"=""0060890959""","=""9780060890957""",5,4.03,HarperCollins,Hardcover,384,2012,2012,2017/01/01,2017/02/19,,,read,,,,1,0
770614,"Jeremy Thatcher, Dragon Hatcher (Magic Shop, #2)",Bruce Coville,"Coville, Bruce",,"=""0671747827""","=""9780671747824""",5,4.05,Aladdin/Minstrel Book,Paperback,160,1992,1991,2017/01/01,2017/02/19,,,read,,,,1,0
33385229,"They Both Die at the End (They Both Die at the End, #1)",Adam Silvera,"Silvera, Adam",,"=""0062457799""","=""9780062457790""",0,3.75,Quill Tree Books,Hardcover,389,2017,2017,,2016/12/04,to-read,to-read (#76),to-read,,,,0,0
363431,The Monster's Ring,Bruce Coville,"Coville, Bruce",Katherine Coville,"=""068985692X""","=""9780689856921""",5,3.79,Aladdin,Paperback,128,2003,1982,,2017/02/19,,,read,,,,1,0
114701,"Into the Land of the Unicorns (The Unicorn Chronicles, #1)",Bruce Coville,"Coville, Bruce",,"=""0439108381""","=""9780439108386""",5,4.08,Scholastic Paperbacks,Paperback,176,1999,1994,,2017/02/19,,,read,,,,1,0
262430,"Gregor the Overlander (Underland Chronicles, #1)",Suzanne Collins,"Collins, Suzanne",,"=""043977134X""","=""9780439771344""",5,4.04,Scholastic,Mass Market Paperback,326,2005,2003,2017/01/01,2016/12/23,,,read,,,,1,0
9067850,"The Throne of Fire (The Kane Chronicles, #2)",Rick Riordan,"Riordan, Rick",,"=""1423140567""","=""9781423140566""",5,4.18,Hyperion Books for Children,Hardcover,452,2011,2011,2017/01/01,2016/12/04,,,read,,,,1,0
1246758,"Can You Get An F In Lunch? (How I Survived Middle School, #1)",Nancy E. Krulik,"Krulik, Nancy E.",,"=""0439025559""","=""9780439025553""",5,4.22,Scholastic,Paperback,101,2007,2007,2017/01/01,2016/12/04,,,read,,,,1,0
630879,Perrault's Fairy Tales,Charles Perrault,"Perrault, Charles",Gustave Doré,"=""0486223116""","=""9780486223117""",5,4.10,Dover Publications,Paperback,128,1969,1697,2017/01/01,2017/01/07,,,read,,,,1,0
17851885,I Am Malala: The Story of the Girl Who Stood Up for Education and Was Shot by the Taliban,Malala Yousafzai,"Yousafzai, Malala",Christina Lamb,"=""0316322407""","=""9780316322409""",5,4.16,"Little, Brown and Company",Hardcover,327,2013,2012,2017/01/01,2016/12/04,,,read,,,,1,0
7260188,"Mockingjay (The Hunger Games, #3)",Suzanne Collins,"Collins, Suzanne",,"=""0439023513""","=""9780439023511""",5,4.12,Scholastic Press,Hardcover,390,2010,2010,2017/01/01,2016/12/04,,,read,,,,1,0
10637959,Breadcrumbs,Anne Ursu,"Ursu, Anne",Erin Mcguire,"=""0062015052""","=""9780062015051""",5,3.74,Walden Pond Press,Hardcover,320,2011,2011,2017/01/01,2016/12/23,,,read,,,,1,0
6439641,"Luv Ya Bunches (Flower Power, #1)",Lauren Myracle,"Myracle, Lauren",,"=""0810942119""","=""9780810942110""",4,4.06,Harry N. Abrams,Hardcover,338,2009,2009,2017/01/01,2016/12/17,,,read,,,,1,0
29467978,"Burning Moon (Destination Love, #1)",Jo Watson,"Watson, Jo",,"=""1455595470""","=""9781455595471""",5,4.04,Forever,Paperback,304,2016,2013,2017/01/01,2016/12/23,,,read,,,,1,0
7507890,"Scumble (Savvy, #2)",Ingrid Law,"Law, Ingrid",,"=""0803733070""","=""9780803733077""",5,4.04,Dial Books,Hardcover,400,2010,2010,2017/01/01,2016/12/23,,,read,,,,1,0
7825557,"A Tale Dark & Grimm (A Tale Dark & Grimm, #1)",Adam Gidwitz,"Gidwitz, Adam",Hugh D'Andrade,"=""0525423346""","=""9780525423348""",5,4.07,Dutton Books for Young Readers,Hardcover,256,2010,2010,2017/01/01,2016/12/23,,,read,,,,1,0
23174274,"Glass Sword (Red Queen, #2)",Victoria Aveyard,"Aveyard, Victoria",,"=""0062310666""","=""9780062310668""",5,3.78,HarperTeen,Hardcover,444,2016,2016,2017/01/01,2017/02/19,,,read,,,,1,0
27904311,"The Hammer of Thor (Magnus Chase and the Gods of Asgard, #2)",Rick Riordan,"Riordan, Rick",,"=""1423160924""","=""9781423160922""",5,4.30,Disney-Hyperion Books,Hardcover,459,2016,2016,2017/02/19,2017/01/07,,,read,,,,1,0
2767052,"The Hunger Games (The Hunger Games, #1)",Suzanne Collins,"Collins, Suzanne",,"=""0439023483""","=""9780439023481""",4,4.35,Scholastic Press,Hardcover,374,2008,2008,2016/01/01,2016/11/27,,,read,,,,1,0
18427358,The Search for the Oracle,Nicole Grane,"Grane, Nicole",,"=""""","=""""",0,4.22,Redwood House Books,Kindle Edition,215,2013,2013,,2017/02/02,to-read,to-read (#120),to-read,,,,0,0
5297,The Picture of Dorian Gray,Oscar Wilde,"Wilde, Oscar",Jeffrey Eugenides,"=""""","=""""",0,4.13,Random House: Modern Library,Paperback,272,2004,1890,,2017/02/02,to-read,to-read (#119),to-read,,,,0,0
29847102,"Magnus Chase and the Hammer of Thor (Magnus Chase and the Gods of Asgard, #2)",Rick Riordan,"Riordan, Rick",,"=""0141342544""","=""9780141342542""",5,4.30,Puffin,Hardcover,466,1752,2016,,2017/01/18,,,read,,,,1,0
20640091,Must Hate The PLAYBOY!,notjustarandomgirl,"notjustarandomgirl, notjustarandomgirl",,"=""""","=""""",4,4.01,Wattpad,ebook,,,,,2017/01/18,,,read,,,,1,0
33590260,"Kingdom of Ash (Throne of Glass, #7)",Sarah J. Maas,"Maas, Sarah J.",,"=""1619636107""","=""9781619636101""",0,4.71,Bloomsbury YA,Hardcover,980,2018,2018,,2016/12/04,to-read,to-read (#66),to-read,,,,0,0
24442798,Miller & Levine Biology,Kenneth R. Miller,"Miller, Kenneth R.",Joe Levine,"=""013361476X""","=""9780133614763""",2,3.25,Pearson,Paperback,,2012,,,2017/01/07,,,read,,,,1,0
22358462,"Nailbiter, Vol. 1: There Will Be Blood",Joshua Williamson,"Williamson, Joshua","Mike Henderson, Adam Guzowski, John J. Hill","=""163215112X""","=""9781632151124""",0,4.04,Image Comics,Paperback,144,2014,2014,,2016/12/22,to-read,to-read (#118),to-read,,,,0,0
13565676,"The Assassin and the Empire (Throne of Glass, #0.5)",Sarah J. Maas,"Maas, Sarah J.",,"=""""","=""""",0,4.39,Bloomsbury USA Children's,ebook,94,2012,2012,,2016/12/22,to-read,to-read (#117),to-read,,,,0,0
7249522,"The Shadows (The Books of Elsewhere, #1)",Jacqueline  West,"West, Jacqueline",,"=""0803734409""","=""9780803734401""",0,3.97,Dial Books,Hardcover,256,2010,2010,,2016/12/22,to-read,to-read (#116),to-read,,,,0,0
28790025,"Reign of Madness (King's Dark Tidings, #2)",Kel Kade,"Kade, Kel",,"=""""","=""""",0,4.45,"Dark Rover Publishing, LLC",Kindle Edition,587,2016,2016,,2016/12/22,to-read,to-read (#115),to-read,,,,0,0
32109569,"We Are Legion (We Are Bob) (Bobiverse, #1)",Dennis E. Taylor,"Taylor, Dennis E.",,"=""""","=""""",0,4.27,Worldbuilders Press,Kindle Edition,383,2016,2016,,2016/12/20,to-read,to-read (#114),to-read,,,,0,0
5358,The Firm,John Grisham,"Grisham, John",Robin Waterfield,"=""0582418275""","=""9780582418271""",0,4.07,Addison Wesley Publishing Company,Paperback,76,2000,1991,,2016/12/20,to-read,to-read (#112),to-read,,,,0,0
15776309,Reconstructing Amelia,Kimberly McCreight,"McCreight, Kimberly",,"=""006222543X""","=""9780062225436""",0,3.83,HarperCollins,Hardcover,382,2013,2013,,2016/12/20,to-read,to-read (#113),to-read,,,,0,0
18514117,Dorm Room 210,Nicole  Kaps,"Kaps, Nicole",,"=""""","=""""",0,3.91,Wattpad,ebook,135,2014,2012,,2016/12/20,to-read,to-read (#111),to-read,,,,0,0
7656231,"A Need So Beautiful (A Need So Beautiful, #1)",Suzanne Young,"Young, Suzanne",,"=""0062008242""","=""9780062008244""",0,3.70,Balzer + Bray,Hardcover,267,2011,2011,,2016/12/19,to-read,to-read (#110),to-read,,,,0,0
29519517,"Twisted Palace (The Royals, #3)",Erin Watt,"Watt, Erin",,"=""1682305066""","=""9781682305065""",0,3.90,EverAfter Romance,Paperback,370,2016,2016,,2016/12/19,to-read,to-read (#109),to-read,,,,0,0
27213152,"Invasive (Zer0es, #2)",Chuck Wendig,"Wendig, Chuck",,"=""0062351575""","=""9780062351579""",0,3.70,Harper Voyager,Hardcover,336,2016,2016,,2016/12/19,to-read,to-read (#108),to-read,,,,0,0
14061957,"Ruin and Rising (Shadow and Bone, #3)",Leigh Bardugo,"Bardugo, Leigh",,"=""""","=""""",0,3.97,Henry Holt and Company,Hardcover,432,2014,2014,,2016/12/18,to-read,to-read (#107),to-read,,,,0,0
22716055,The Worrier's Guide to Life,Gemma Correll,"Correll, Gemma",,"=""1449466001""","=""9781449466008""",0,3.57,Andrews McMeel Publishing,Paperback,112,2015,2015,,2016/12/18,to-read,to-read (#106),to-read,,,,0,0
6699443,"Everlasting (Everlasting, #1)",Angie Frazier,"Frazier, Angie",,"=""054511473X""","=""9780545114738""",0,3.69,Scholastic Press,Hardcover,336,2010,2010,,2016/12/18,to-read,to-read (#105),to-read,,,,0,0
23367261,"Crystal Storm (Falling Kingdoms, #5)",Morgan Rhodes,"Rhodes, Morgan",,"=""1595148221""","=""9781595148223""",0,4.20,Razorbill ,Hardcover,379,2016,2016,,2016/12/18,to-read,to-read (#104),to-read,,,,0,0
32881382,"This is Love (Travis & Viola, #2; Checkmate Duet, #2)",Kennedy Fox,"Fox, Kennedy",,"=""""","=""""",0,3.83,,Kindle Edition,433,2016,2016,,2016/12/18,to-read,to-read (#103),to-read,,,,0,0
22383783,When You Make It Home,Claire Ashby,"Ashby, Claire",,"=""1940215315""","=""9781940215310""",0,3.92,Red Adept Publishing,Paperback,320,2014,2014,,2016/12/17,to-read,to-read (#102),to-read,,,,0,0
19063,The Book Thief,Markus Zusak,"Zusak, Markus",,"=""""","=""""",0,4.39,Alfred A. Knopf,Kindle Edition,592,2006,2005,,2016/12/17,to-read,to-read (#101),to-read,,,,0,0
22628,The Perks of Being a Wallflower,Stephen Chbosky,"Chbosky, Stephen",,"=""""","=""""",0,4.24,MTV Books/Pocket Books,Hardcover,213,1999,1999,,2016/12/17,to-read,to-read (#100),to-read,,,,0,0
7821447,Sh*t My Dad Says,Justin Halpern,"Halpern, Justin",,"=""0061992704""","=""9780061992704""",0,3.98,Dey Street Books,Hardcover,159,2010,2010,,2016/12/17,to-read,to-read (#99),to-read,,,,0,0
62291,"A Storm of Swords (A Song of Ice and Fire, #3)",George R.R. Martin,"Martin, George R.R.",,"=""""","=""""",0,4.55,Bantam,Mass Market Paperback,1177,2003,2000,,2016/12/17,to-read,to-read (#98),to-read,,,,0,0
13269473,"Silver (The Silver, #1)",Cheree Alsop,"Alsop, Cheree",,"=""""","=""""",0,3.90,,Kindle Edition,228,2011,2011,,2016/12/17,to-read,to-read (#97),to-read,,,,0,0
27753928,"The Beauty, Vol. 1",Jeremy Haun,"Haun, Jeremy",Jason A. Hurley,"=""1632155508""","=""9781632155504""",0,3.73,Image Comics,Paperback,164,2016,2016,,2016/12/17,to-read,to-read (#96),to-read,,,,0,0
32946031,"Gentry (Wolves of Winter's Edge, #1)",T.S. Joyce,"Joyce, T.S.",,"=""""","=""""",0,4.26,Wicked Willow Press,Kindle Edition,296,2016,2016,,2016/12/17,to-read,to-read (#95),to-read,,,,0,0
20613470,"Heir of Fire (Throne of Glass, #3)",Sarah J. Maas,"Maas, Sarah J.",,"=""1619630656""","=""9781619630659""",0,4.45,Bloomsbury YA,Hardcover,565,2014,2014,,2016/12/17,to-read,to-read (#94),to-read,,,,0,0
714902,"Noughts & Crosses (Noughts & Crosses, #1)",Malorie Blackman,"Blackman, Malorie",,"=""0552555703""","=""9780552555708""",0,4.17,Corgi,Paperback,479,2006,2001,,2016/12/17,to-read,to-read (#93),to-read,,,,0,0
33288638,Wait for It,Mariana Zapata,"Zapata, Mariana",,"=""""","=""""",0,4.28,Amazon Digital Services LLC,Kindle Edition,418,2016,2016,,2016/12/17,to-read,to-read (#92),to-read,,,,0,0
25898265,"Username: Evie (Username, #1)",Joe Sugg,"Sugg, Joe",,"=""0762460105""","=""9780762460106""",0,3.63,Running Press Adult,Paperback,182,2015,2015,,2016/12/17,to-read,to-read (#91),to-read,,,,0,0
31914039,"Last Wish (Highland Magic, #4)",Helen Harper,"Harper, Helen",,"=""""","=""""",0,4.30,,Kindle Edition,315,2016,2016,,2016/12/16,to-read,to-read (#90),to-read,,,,0,0
20501606,"Futuristic Violence and Fancy Suits (Zoey Ashe, #1)",David  Wong,"Wong, David",Jason Pargin,"=""1250040191""","=""9781250040190""",0,3.98,Thomas Dunne Books,Hardcover,384,2015,2015,,2016/12/16,to-read,to-read (#89),to-read,,,,0,0
32293807,"The Gender Secret (The Gender Game, #2)",Bella Forrest,"Forrest, Bella",,"=""""","=""""",0,4.07,Nightlight Press,Kindle Edition,426,2016,2016,,2016/12/16,to-read,to-read (#88),to-read,,,,0,0
25944798,"The Beauty of Darkness (The Remnant Chronicles, #3)",Mary E. Pearson,"Pearson, Mary E.",,"=""0805099255""","=""9780805099256""",0,4.15,Henry Holt and Co. (BYR),Hardcover,684,2016,2016,,2016/12/16,to-read,to-read (#87),to-read,,,,0,0
6933138,Warped,Maurissa Guibord,"Guibord, Maurissa",,"=""0385738919""","=""9780385738910""",0,3.73,Delacorte Books for Young Readers,Hardcover,339,2011,2011,,2016/12/16,to-read,to-read (#86),to-read,,,,0,0
18967087,"A Gate of Night (A Shade of Vampire, #6)",Bella Forrest,"Forrest, Bella",,"=""1496169484""","=""9781496169488""",0,4.20,CreateSpace,Paperback,276,2014,2014,,2016/12/16,to-read,to-read (#85),to-read,,,,0,0
10079321,"The Magician King (The Magicians, #2)",Lev Grossman,"Grossman, Lev",,"=""043402080X""","=""9780434020805""",0,3.93,William Heinemann,Paperback,432,2011,2011,,2016/12/16,to-read,to-read (#84),to-read,,,,0,0
32708533,"Perilous Hunt (Fallen Empire, #7)",Lindsay Buroker,"Buroker, Lindsay",,"=""""","=""""",0,4.32,,Kindle Edition,283,2016,2016,,2016/12/16,to-read,to-read (#83),to-read,,,,0,0
22292712,I'll Always Protect You,orangechicken,"orangechicken, orangechicken",,"=""""","=""""",5,4.89,wattpad,ebook,,,,,2016/12/14,,,read,,,,1,0
24770,"Uglies (Uglies, #1)",Scott Westerfeld,"Westerfeld, Scott",,"=""0689865384""","=""9780689865381""",0,3.84,Simon Pulse,Paperback,425,2005,2005,,2016/12/06,to-read,to-read (#82),to-read,,,,0,0
7171637,"Clockwork Angel (The Infernal Devices, #1)",Cassandra Clare,"Clare, Cassandra",,"=""1416975861""","=""9781416975861""",0,4.31,Margaret K. McElderry Books,Hardcover,479,2010,2010,,2016/12/06,to-read,to-read (#81),to-read,,,,0,0
7090447,"The Red Pyramid (The Kane Chronicles, #1)",Rick Riordan,"Riordan, Rick",,"=""1423113381""","=""9781423113386""",5,4.10,Disney Hyperion,Hardcover,528,2010,2010,,2016/12/04,,,read,,,,1,0
13158800,The Light Between Oceans,M.L. Stedman,"Stedman, M.L.",,"=""1451681739""","=""9781451681734""",0,4.04,Scribner,Hardcover,362,2012,2012,,2016/12/04,to-read,to-read (#80),to-read,,,,0,0
15790842,"Life After Life (Todd Family, #1)",Kate Atkinson,"Atkinson, Kate",,"=""0316176486""","=""9780316176484""",0,3.78,Reagan Arthur Books,Hardcover,544,2013,2013,,2016/12/04,to-read,to-read (#79),to-read,,,,0,0
9460487,"Miss Peregrine's Home for Peculiar Children (Miss Peregrine's Peculiar Children, #1)",Ransom Riggs,"Riggs, Ransom",,"=""1594744769""","=""9781594744761""",0,3.92,Quirk,Hardcover,352,2011,2011,,2016/12/04,to-read,to-read (#78),to-read,,,,0,0
10507293,"The Selection (The Selection, #1)",Kiera Cass,"Cass, Kiera",,"=""0062059939""","=""9780062059932""",0,4.07,HarperTeen,Hardcover,336,2012,2012,2016/01/01,2016/11/27,,,read,,,,1,0
11735983,"Insurgent (Divergent, #2)",Veronica Roth,"Roth, Veronica",,"=""0007442912""","=""9780007442911""",0,3.96,HarperCollins Children's Books,Hardcover,525,2012,2012,,2016/12/04,to-read,to-read (#77),to-read,,,,0,0
24485589,Hunted,Meagan Spooner,"Spooner, Meagan",,"=""0062422308""","=""9780062422309""",0,3.87,HarperTeen,Kindle Edition,384,2017,2017,,2016/12/04,to-read,to-read (#75),to-read,,,,0,0
32075662,"Our Dark Duet (Monsters of Verity, #2)",Victoria Schwab,"Schwab, Victoria",,"=""0062380885""","=""9780062380883""",0,4.12,Greenwillow Books,Hardcover,528,2017,2017,,2016/12/04,to-read,to-read (#74),to-read,,,,0,0
27883214,"Caraval (Caraval, #1)",Stephanie Garber,"Garber, Stephanie",,"=""1250095255""","=""9781250095251""",0,3.97,Flatiron Books,Hardcover,407,2017,2016,,2016/12/04,to-read,to-read (#73),to-read,,,,0,0
23308087,"Flame in the Mist (Flame in the Mist, #1)",Renée Ahdieh,"Ahdieh, Renée",,"=""0399171630""","=""9780399171635""",0,3.85,G.P. Putnam's Sons,Hardcover,402,2017,2017,,2016/12/04,to-read,to-read (#72),to-read,,,,0,0
29939390,"Windwitch (The Witchlands, #2)",Susan Dennard,"Dennard, Susan",,"=""""","=""""",0,3.95,Tor Teen,Hardcover,384,2017,2017,,2016/12/04,to-read,to-read (#71),to-read,,,,0,0
20983366,"Wayfarer (Passenger, #2)",Alexandra Bracken,"Bracken, Alexandra",,"=""1484715764""","=""9781484715765""",0,3.80,Disney-Hyperion,Hardcover,544,2017,2017,,2016/12/04,to-read,to-read (#70),to-read,,,,0,0
30233110,"Carve the Mark (Carve the Mark, #1)",Veronica Roth,"Roth, Veronica",,"=""0008159483""","=""9780008159481""",0,3.78,HarperCollins,Paperback,473,2017,2017,,2016/12/04,to-read,to-read (#69),to-read,,,,0,0
30312891,"Lord of Shadows (The Dark Artifices, #2)",Cassandra Clare,"Clare, Cassandra",,"=""1442468408""","=""9781442468405""",0,4.40,Margaret K. McElderry Books,Hardcover,699,2017,2017,,2016/12/04,to-read,to-read (#68),to-read,,,,0,0
30226723,"King's Cage (Red Queen, #3)",Victoria Aveyard,"Aveyard, Victoria",,"=""0062310712""","=""9780062310712""",0,3.88,HarperTeen,ebook,520,2017,2017,,2016/12/04,to-read,to-read (#67),to-read,,,,0,0
13596901,Late Summer Rain,AubreyEatsHearts,"AubreyEatsHearts, AubreyEatsHearts",,"=""""","=""""",0,4.26,Wattpad,ebook,21,2011,2011,,2016/12/04,to-read,to-read (#65),to-read,,,,0,0
15994209,Love at Last Sight,Jordan Lynde,"Lynde, Jordan",,"=""""","=""""",0,4.16,Wattpad,Unknown Binding,160,2012,2012,,2016/12/04,to-read,to-read (#64),to-read,,,,0,0
18225037,Absolutely Almost,Lisa Graff,"Graff, Lisa",,"=""0399164057""","=""9780399164057""",0,4.02,Philomel Books,Hardcover,288,2014,2014,,2016/12/04,to-read,to-read (#63),to-read,,,,0,0
22561384,Breakup Formula,Noelle N.,"N., Noelle",,"=""""","=""""",0,4.17,Wattpad,ebook,44,2015,2013,,2016/12/04,to-read,to-read (#62),to-read,,,,0,0
6574102,"Heist Society (Heist Society, #1)",Ally Carter,"Carter, Ally",,"=""1423116399""","=""9781423116394""",0,3.92,Hyperion Book CH,Hardcover,287,2010,2010,,2016/12/04,to-read,to-read (#61),to-read,,,,0,0
20441719,Must Date the Playboy,notjustarandomgirl,"notjustarandomgirl, notjustarandomgirl",,"=""""","=""""",0,4.14,Wattpad,,,2013,2013,,2016/12/04,to-read,to-read (#60),to-read,,,,0,0
6261151,"Mackenzie Blue (Mackenzie Blue, #1)",Tina   Wells,"Wells, Tina",Michael Segawa,"=""0061583081""","=""9780061583087""",0,4.23,HarperCollins,Hardcover,208,2009,2009,,2016/12/04,to-read,to-read (#59),to-read,,,,0,0
25728957,The Girl He Never Noticed,sweetdreamer33,"sweetdreamer33, sweetdreamer33",,"=""""","=""""",4,3.79,Wattpad,ebook,,,,2016/01/01,2016/12/03,,,read,,,,1,0
22331746,The Bad Boy Stole My Bra,Cherry_Cola_X,"Cherry_Cola_X, Cherry_Cola_X",,"=""""","=""""",5,4.07,Wattpad,ebook,181,2014,2014,2016/01/01,2016/12/03,,,read,,,,1,0
18951142,The Bad Boy Taught Me To Fight,Kay Godley (kpgcatlover),"(kpgcatlover), Kay Godley",,"=""""","=""""",5,3.93,Wattpad,ebook,147,2013,2013,2016/01/01,2016/12/03,,,read,,,,1,0
17226394,Finding Out What the Bad Boy Fights For,spilsder,"spilsder, spilsder",,"=""""","=""""",5,4.14,Wattpad,ebook,,2012,2012,2016/01/01,2016/12/03,,,read,,,,1,0
17164933,"In 27 Days (In 27 Days, #1)",Alison Gervais,"Gervais, Alison",,"=""""","=""""",5,4.26,Wattpad,ebook,129,2012,2012,2016/01/01,2016/12/03,,,read,,,,1,0
13584512,It All Started With An Apple,Ashley Winters,"Winters, Ashley",,"=""""","=""""",5,4.30,Wattpad,ebook,357,2013,2012,2016/01/01,2016/12/03,,,read,,,,1,0
13418621,The Shy Girl Has a Gun,Makeandoffer,"Makeandoffer, Makeandoffer",,"=""""","=""""",5,4.01,Wattpad,ebook,161,2011,2011,2016/01/01,2016/12/03,,,read,,,,1,0
13410941,For Hating Me You Sure Are Possessive,JadedRein,"JadedRein, JadedRein",,"=""""","=""""",2,3.77,Wattpad,ebook,293,2012,2012,2016/01/01,2016/12/03,,,read,,,,1,0
65094,"No Place for Magic (The Tales of the Frog Princess, #4)",E.D. Baker,"Baker, E.D.",,"=""1582346542""","=""9781582346540""",5,4.14,Bloomsbury Children's Books,Hardcover,250,2006,2006,2016/01/01,2016/12/03,,,read,,,,1,0
19302,"Pippi Longstocking (Pippi Långstrump, #1)",Astrid Lindgren,"Lindgren, Astrid","Michael Chesworth, Louis S. Glanzman, Florence Lamborn","=""0142402494""","=""9780142402498""",5,4.15,Puffin Books,Mass Market Paperback,160,2005,1945,2016/01/01,2016/12/03,,,read,,,,1,0
65091,"The Frog Princess (The Tales of the Frog Princess, #1)",E.D. Baker,"Baker, E.D.",,"=""1582349231""","=""9781582349237""",5,3.86,Bloomsbury Children's Books,Paperback,215,2004,2002,2016/01/01,2016/12/03,,,read,,,,1,0
150739,"Dealing with Dragons (Enchanted Forest Chronicles, #1)",Patricia C. Wrede,"Wrede, Patricia C.",,"=""015204566X""","=""9780152045661""",5,4.16,Harcourt Brace and Company,Paperback,240,2002,1990,2016/01/01,2016/12/03,,,read,,,,1,0
1077318,The Aesop for Children,Aesop,"Aesop, Aesop","Milo Winter, H.Y. Xiao","=""1566192927""","=""9781566192927""",5,4.30,Barnes & Noble Books,Hardcover,112,1999,1919,2016/01/01,2016/12/03,,,read,,,,1,0
46306,The Complete Fairy Tales,Hans Christian Andersen,"Andersen, Hans Christian",Lily Owens,"=""0517092913""","=""9780517092910""",5,4.29,Gramercy Books,Hardcover,803,1996,1850,2016/01/01,2016/12/03,,,read,,,,1,0
19321,"The Tale of Peter Rabbit (World of Beatrix Potter, #1)",Beatrix Potter,"Potter, Beatrix",,"=""0723247706""","=""9780723247708""",3,4.23,Warne,Paperback,72,2002,1902,2016/01/01,2016/12/03,,,read,,,,1,0
35805,"The Capture (Guardians of Ga'Hoole, #1)",Kathryn Lasky,"Lasky, Kathryn",,"=""0439405572""","=""9780439405577""",5,3.93,Scholastic,Paperback,222,2003,2003,2016/01/01,2016/12/03,,,read,,,,1,0
17666967,The Boy Who Lost His Sight,Bella Zamri,"Zamri, Bella",,"=""""","=""""",0,4.28,Wattpad,ebook,223,2013,2013,,2016/12/04,to-read,to-read (#58),to-read,,,,0,0
6216670,"So Not Happening (The Charmed Life, #1)",Jenny B. Jones,"Jones, Jenny B.",,"=""1595545417""","=""9781595545411""",0,4.11,Thomas Nelson,Paperback,330,2009,2009,,2016/12/04,to-read,to-read (#55),to-read,,,,0,0
15701850,I Sold Myself To The Devil For Vinyls... Pitiful I Know,DarknessAndLight,"DarknessAndLight, DarknessAndLight",,"=""""","=""""",0,4.32,Wattpad,ebook,421,2014,2014,,2016/12/04,to-read,to-read (#57),to-read,,,,0,0
17565967,Illegal My Ass,Makeandoffer,"Makeandoffer, Makeandoffer",,"=""""","=""""",0,4.29,Wattpad,ebook,261,2012,2012,,2016/12/04,to-read,to-read (#56),to-read,,,,0,0
17928693,"The Bad Boy, The Sat Nav and Me (Bad Boy Isn't My Type..., #2)",Lilohorse,"Lilohorse, Lilohorse",,"=""""","=""""",0,3.99,Wattpad,ebook,110,2012,2012,,2016/12/03,to-read,to-read (#54),to-read,,,,0,0
27777350,Harry Potter: the Artifact Vault,Jody Revenson,"Revenson, Jody",,"=""0062474219""","=""9780062474216""",0,4.43,Harper,Hardcover,207,2016,2016,,2016/12/03,to-read,to-read (#53),to-read,,,,0,0
24903914,"A Sliver of Stardust (A Sliver of Stardust, #1)",Marissa Burt,"Burt, Marissa",,"=""0062291556""","=""9780062291554""",0,3.80,HarperCollins,Hardcover,384,2015,2015,,2016/12/03,to-read,to-read (#52),to-read,,,,0,0
12969560,"The Hero's Guide to Saving Your Kingdom (The League of Princes, #1)",Christopher Healy,"Healy, Christopher",Todd Harris,"=""0062117432""","=""9780062117434""",0,4.07,Walden Pond Press,Hardcover,436,2012,2012,,2016/12/03,to-read,to-read (#51),to-read,,,,0,0
34262,"Peter and the Starcatchers (Peter and the Starcatchers, #1)",Dave Barry,"Barry, Dave","Ridley Pearson, Greg Call","=""078684907X""","=""9780786849079""",0,4.05,Disney Hyperion,Paperback,452,2006,2004,,2016/12/03,to-read,to-read (#49),to-read,,,,0,0
744321,"Secret of the Sirens (The Companions Quartet, #1)",Julia Golding,"Golding, Julia",,"=""0761453717""","=""9780761453710""",0,4.06,Two Lions,Hardcover,420,2007,2006,,2016/12/03,to-read,to-read (#50),to-read,,,,0,0
1240035,Serpent Tide,K.L. Fogg,"Fogg, K.L.",David   L. Walker,"=""1591568617""","=""9781591568612""",0,4.05,"Covenant Communications, Inc.",Hardcover,250,2006,2006,,2016/12/03,to-read,to-read (#48),to-read,,,,0,0
563310,"May Bird and the Ever After (May Bird, #1)",Jodi Lynn Anderson,"Anderson, Jodi Lynn",Leonid Gore,"=""141690607X""","=""9781416906070""",0,4.03,Aladdin,Paperback,352,2006,2005,,2016/12/03,to-read,to-read (#47),to-read,,,,0,0
28815450,Secret Sisters,Jayne Ann Krentz,"Krentz, Jayne Ann",,"=""0515156345""","=""9780515156348""",0,3.84,Berkley,Mass Market Paperback,396,2016,2015,,2016/12/03,to-read,to-read (#46),to-read,,,,0,0
37347,"If I Have a Wicked Stepmother, Where's My Prince?",Melissa Kantor,"Kantor, Melissa",,"=""0786809604""","=""9780786809608""",0,3.66,Hyperion Book CH,Hardcover,283,2005,2005,,2016/12/03,to-read,to-read (#45),to-read,,,,0,0
2626492,"Rapunzel's Revenge (Rapunzel's Revenge, #1)",Shannon Hale,"Hale, Shannon","Dean Hale, Nathan Hale","=""159990070X""","=""9781599900704""",0,3.91,Bloomsbury USA Childrens,Hardcover,144,2008,2008,,2016/12/03,to-read,to-read (#44),to-read,,,,0,0
13206900,"Winter (The Lunar Chronicles, #4)",Marissa Meyer,"Meyer, Marissa",,"=""0312642989""","=""9780312642983""",0,4.41,Feiwel & Friends,Hardcover,827,2015,2015,,2016/12/03,to-read,to-read (#43),to-read,,,,0,0
13206828,"Cress (The Lunar Chronicles, #3)",Marissa Meyer,"Meyer, Marissa",,"=""0312642970""","=""9780312642976""",0,4.40,Feiwel & Friends,Hardcover,552,2014,2014,,2016/12/03,to-read,to-read (#42),to-read,,,,0,0
13206760,"Scarlet (The Lunar Chronicles, #2)",Marissa Meyer,"Meyer, Marissa",,"=""0312642962""","=""9780312642969""",0,4.23,Feiwel & Friends,Hardcover,454,2013,2013,,2016/12/03,to-read,to-read (#41),to-read,,,,0,0
44170,"The Looking Glass Wars (The Looking Glass Wars, #1)",Frank Beddor,"Beddor, Frank",,"=""0803731531""","=""9780803731530""",0,3.92,Dial Books,Hardcover,384,1985,2004,,2016/12/03,to-read,to-read (#40),to-read,,,,0,0
12873027,"Princess of the Silver Woods (The Princesses of Westfalin Trilogy, #3)",Jessica Day George,"George, Jessica Day",,"=""1599906465""","=""9781599906461""",0,4.06,Bloomsbury USA Children's Books,Hardcover,326,2012,2012,,2016/12/03,to-read,to-read (#39),to-read,,,,0,0
28953846,"Tales from a Not-So-Friendly Frenemy (Dork Diaries, #11)",Rachel Renée Russell,"Russell, Rachel Renée",,"=""1481479202""","=""9781481479202""",5,4.32,Aladdin,Hardcover,288,2016,2016,2016/01/01,2016/12/03,,,read,,,,1,0
28497161,A Stolen Kiss (Stolen Royals #1),Kelsey Keating,"Keating, Kelsey",,"=""1943923000""","=""9781943923007""",5,3.76,Swanifide Publishing,Paperback,347,2016,2016,2016/01/01,2016/12/03,,,read,,,,1,0
25218899,Mermaids and the Vampires Who Love Them,Brittanie Charmintine,"Charmintine, Brittanie",,"=""""","=""""",5,3.89,Wattpad,ebook,108,2014,2014,2016/01/01,2016/12/03,,,read,,,,1,0
25074598,"Tales from a Not-So-Perfect Pet Sitter (Dork Diaries, #10)",Rachel Renée Russell,"Russell, Rachel Renée",,"=""1481457047""","=""9781481457040""",5,4.23,Aladdin,Hardcover,320,2015,,2016/01/01,2016/12/03,,,read,,,,1,0
21411911,"Tales from a Not-So-Dorky Drama Queen (Dork Diaries, #9)",Rachel Renée Russell,"Russell, Rachel Renée",,"=""1442370246""","=""9781442370241""",5,4.30,Simon  Schuster Audio,Audiobook,,2015,2015,2016/01/01,2016/12/03,,,read,,,,1,0
13624793,Pinehurst,Nicole Grane,"Grane, Nicole",,"=""1475138377""","=""9781475138375""",5,3.92,CreateSpace Independent Publishing Platform,Paperback,234,2012,2012,2016/01/01,2016/12/03,,,read,,,,1,0
13512420,Call Me Tuesday,Leigh Byrne,"Byrne, Leigh",,"=""1463690029""","=""9781463690021""",5,4.26,Create Space,Paperback,328,2012,2012,2016/01/01,2016/12/03,,,read,,,,1,0
24954735,Double Dork Diaries #3: Dear Dork / Holiday Heartbreak (Dork Diaries #5-6),Rachel Renée Russell,"Russell, Rachel Renée",,"=""1471144127""","=""9781471144127""",5,4.40,Simon & Schuster Children's UK,Kindle Edition,633,2015,2015,2016/01/01,2016/12/03,,,read,,,,1,0
17324742,Double Dork Diaries 2,Rachel Renée Russell,"Russell, Rachel Renée",,"=""1471116735""","=""9781471116735""",5,4.35,Simon Schuster Childrens Books,Paperback,661,2013,2013,2016/01/01,2016/12/03,,,read,,,,1,0
18689810,"Tales from a Not-So-Glam TV Star (Dork Diaries, #7)",Rachel Renée Russell,"Russell, Rachel Renée",,"=""1442487674""","=""9781442487673""",5,4.31,Aladdin,Hardcover,352,2014,2014,2016/01/01,2016/12/03,,,read,,,,1,0
20011917,"Tales from a Not-So-Happily Ever After! (Dork Diaries, #8)",Rachel Renée Russell,"Russell, Rachel Renée",,"=""""","=""""",5,4.22,Aladdin,Kindle Edition,304,2015,2013,2016/01/01,2016/12/03,,,read,,,,1,0
16074748,"Tales from a Not-So-Happy Heartbreaker (Dork Diaries, #6)",Rachel Renée Russell,"Russell, Rachel Renée",,"=""1442449632""","=""9781442449633""",5,4.33,Aladdin,Hardcover,368,2013,2013,2016/01/01,2016/12/03,,,read,,,,1,0
13547289,"Tales from a Not-So-Smart Miss Know-It-All (Dork Diaries, #5)",Rachel Renée Russell,"Russell, Rachel Renée",,"=""1442449616""","=""9781442449619""",5,4.34,Aladdin,Hardcover,368,2012,2012,2016/01/01,2016/12/03,,,read,,,,1,0
13545345,"Tales from a Not-So-Graceful Ice Princess (Dork Diaries, #4)",Rachel Renée Russell,"Russell, Rachel Renée",,"=""085707685X""","=""9780857076854""",5,4.29,Simon & Schuster UK,Hardcover,288,2012,2012,2016/01/01,2016/12/03,,,read,,,,1,0
10598938,Double Dork Diaries,Rachel Renée Russell,"Russell, Rachel Renée",,"=""0857072188""","=""9780857072184""",5,4.48,Simon & Schuster Children's,Paperback,563,2016,2011,2016/01/01,2016/12/03,,,read,,,,1,0
9635657,"Tales from a Not-So-Talented Pop Star (Dork Diaries, #3)",Rachel Renée Russell,"Russell, Rachel Renée",,"=""""","=""""",5,4.25,Aladdin,Kindle Edition,335,2011,2011,2016/01/01,2016/12/03,,,read,,,,1,0
8274537,"Tales from a Not-So-Popular Party Girl (Dork Diaries, #2)",Rachel Renée Russell,"Russell, Rachel Renée",,"=""1416986561""","=""9781416986560""",5,4.22,Aladdin,Kindle Edition,288,2010,2010,2016/01/01,2016/12/03,,,read,,,,1,0
6054449,"Tales from a Not-So-Fabulous Life (Dork Diaries, #1)",Rachel Renée Russell,"Russell, Rachel Renée",,"=""1416980067""","=""9781416980063""",5,4.10,Alliance Entertainment,Paperback,327,2014,2009,2016/01/01,2016/12/03,,,read,,,,1,0
30039072,Pumpkin Patch Princess,Julie C. Dao,"Dao, Julie C.",,"=""""","=""""",5,4.37,,ebook,,2015,2015,2016/01/01,2016/12/03,,,read,,,,1,0
27226931,"Perfect Addiction (Perfect Series, #2)",Claudia Tan,"Tan, Claudia",,"=""""","=""""",5,3.89,Wattpad,ebook,52,,,2016/01/01,2016/12/03,,,read,,,,1,0
25681160,"The Good, The Bad, And The Bullied (The Good Girl's Bad Boys, #1)",Rubix Cube 89201,"89201, Rubix Cube",,"=""""","=""""",5,4.33,Wattpad,ebook,,2015,,2016/01/01,2016/12/03,,,read,,,,1,0
30637905,Artgirl (Paperweight #2),Jasmine  Rose,"Rose, Jasmine",,"=""""","=""""",5,4.19,,ebook,328,2018,,2016/01/01,2016/12/03,,,read,,,,1,0
27391093,The Quirky Tale of April Hale,Cathy Octo,"Octo, Cathy",,"=""1680306146""","=""9781680306149""",5,4.08,Blvnp Publishing Incorporated,Kindle Edition,239,2015,2013,2016/01/01,2016/12/03,,,read,,,,1,0
18079776,The Invention of Wings,Sue Monk Kidd,"Kidd, Sue Monk",,"=""0670024783""","=""9780670024780""",4,4.26,Viking,Hardcover,384,2014,2014,2016/01/01,2016/12/03,,,read,,,,1,0
2998,The Secret Garden,Frances Hodgson Burnett,"Burnett, Frances Hodgson",,"=""0517189607""","=""9780517189603""",5,4.17,Children's Classics,Hardcover,331,1998,1911,2016/01/01,2016/12/03,,,read,,,,1,0
7624,Lord of the Flies,William Golding,"Golding, William",,"=""0140283331""","=""9780140283334""",3,3.70,Penguin Books ,Paperback,182,1999,1954,2016/01/01,2016/12/03,,,read,,,,1,0
186118,Number the Stars,Lois Lowry,"Lowry, Lois",,"=""0395510600""","=""9780395510605""",5,4.19,Houghton Mifflin Company,Hardcover,137,1989,1989,2016/01/01,2016/12/03,,,read,,,,1,0
15843286,When the Butterflies Came,Kimberley Griffiths Little,"Little, Kimberley Griffiths",,"=""0545425131""","=""9780545425131""",5,4.28,Scholastic Press,Hardcover,330,2013,2013,2016/01/01,2016/12/03,,,read,,,,1,0
3236586,Return to Sender,Julia Alvarez,"Alvarez, Julia",,"=""037595838X""","=""9780375958380""",5,3.78,Knopf Books for Young Readers,Library Binding,327,2009,2009,2016/01/01,2016/12/03,,,read,,,,1,0
16059426,"Love in the Time of Global Warming (Love in the Time of Global Warming, #1)",Francesca Lia Block,"Block, Francesca Lia",,"=""0805096272""","=""9780805096279""",0,3.38,Henry Holt and Co. (BYR),Hardcover,240,2013,2013,,2016/12/03,to-read,to-read (#38),to-read,,,,0,0
31367949,"Silence is Golden (Storm and Silence, #3)",Robert Thier,"Thier, Robert",,"=""""","=""""",5,4.49,,ebook,320,,2017,2016/01/01,2016/12/03,,,read,,,,1,0
28483931,"In the Eye of the Storm (Storm and Silence, #2)",Robert Thier,"Thier, Robert",,"=""""","=""""",5,4.52,Wattpad,ebook,265,,2016,2016/01/01,2016/12/03,,,read,,,,1,0
25051421,Worst Story On Wattpad,arcticstars,"arcticstars, arcticstars",,"=""""","=""""",4,4.23,Wattpad,ebook,9,2013,2013,2016/01/01,2016/12/03,,,read,,,,1,0
25910798,My Life with the Walter Boys (Wattpad Version),Ali Novak,"Novak, Ali",Fallzswimmer,"=""""","=""""",5,3.76,Wattpad,ebook,,2010,2012,2016/01/01,2016/12/03,,,read,,,,1,0
12926132,"Palace of Stone (Princess Academy, #2)",Shannon Hale,"Hale, Shannon",,"=""1599908735""","=""9781599908731""",5,4.01,Bloomsbury Children's Books,Hardcover,336,2012,2012,2016/01/01,2016/12/03,,,read,,,,1,0
85990,"Princess Academy (Princess Academy, #1)",Shannon Hale,"Hale, Shannon",,"=""1599900734""","=""9781599900735""",5,4.04,Bloomsbury Children's Books,Paperback,314,2007,2005,2016/01/01,2016/12/03,,,read,,,,1,0
22529349,"The Forgotten Sisters (Princess Academy, #3)",Shannon Hale,"Hale, Shannon",,"=""1619634856""","=""9781619634855""",0,4.17,Bloomsbury USA Childrens,Hardcover,326,2015,2015,,2016/12/03,to-read,to-read (#37),to-read,,,,0,0
26252859,"The Hidden Oracle (The Trials of Apollo, #1)",Rick Riordan,"Riordan, Rick",,"=""148473274X""","=""9781484732748""",5,4.13,Disney-Hyperion Books,Hardcover,376,2016,2016,2016/01/01,2016/12/03,,,read,,,,1,0
23349901,Percy Jackson's Greek Heroes,Rick Riordan,"Riordan, Rick",John Rocco,"=""1423183657""","=""9781423183655""",5,4.41,Disney-Hyperion Books,Hardcover,404,2015,2015,2016/01/01,2016/12/03,,,read,,,,1,0
20829994,Percy Jackson's Greek Gods,Rick Riordan,"Riordan, Rick",John Rocco,"=""""","=""""",5,4.43,Disney Hyperion Digital,Kindle Edition,417,2014,2014,2016/01/01,2016/12/03,,,read,,,,1,0
20821011,"Pennyroyal Academy (Pennyroyal Academy, #1)",M.A. Larson,"Larson, M.A.",,"=""0399163247""","=""9780399163241""",5,3.80,G.P. Putnam's Sons Books for Young Readers,Hardcover,320,2014,2014,2016/01/01,2016/12/03,,,read,,,,1,0
18630496,"Perfected (Perfected, #1)",Kate Jarvik Birch,"Birch, Kate Jarvik",,"=""1622662687""","=""9781622662685""",5,3.60,Entangled Teen,Hardcover,281,2014,2014,2016/01/01,2016/12/03,,,read,,,,1,0
7736086,"The Lightning Thief: The Graphic Novel (Percy Jackson and the Olympians: The Graphic Novels, #1)",Robert Venditti,"Venditti, Robert","Rick Riordan, José Villarrubia, Attila Futaki","=""1423116968""","=""9781423116967""",4,4.41,Disney-Hyperion,Hardcover,135,2010,2010,2016/01/01,2016/12/03,,,read,,,,1,0
12127810,"The House of Hades (The Heroes of Olympus, #4)",Rick Riordan,"Riordan, Rick",,"=""1423146727""","=""9781423146728""",5,4.57,Disney-Hyperion Books,Hardcover,597,2013,2013,2016/01/01,2016/12/03,,,read,,,,1,0
18705209,"The Blood of Olympus (The Heroes of Olympus, #5)",Rick Riordan,"Riordan, Rick",,"=""""","=""""",5,4.43,Disney-Hyperion Books,Hardcover,516,2014,2014,2016/01/01,2016/12/03,,,read,,,,1,0
12110463,Heroes of Olympus,Philip Freeman,"Freeman, Philip","Drew  Willis, Laurie Calkhoven","=""1442417293""","=""9781442417298""",5,4.07,Simon & Schuster Books for Young Readers,Hardcover,352,2012,,2016/01/01,2016/12/03,,,read,,,,1,0
9520360,"The Son of Neptune (The Heroes of Olympus, #2)",Rick Riordan,"Riordan, Rick",,"=""1423140591""","=""9781423140597""",5,4.40,Disney-Hyperion Books,Hardcover,521,2011,2011,2016/01/01,2016/12/03,,,read,,,,1,0
7736182,"The Lost Hero (The Heroes of Olympus, #1)",Rick Riordan,"Riordan, Rick",,"=""142311339X""","=""9781423113393""",5,4.29,Disney-Hyperion Books,Hardcover,576,2010,2010,2016/01/01,2016/12/03,,,read,,,,1,0
7497552,"The Vespertine (The Vespertine, #1)",Saundra Mitchell,"Mitchell, Saundra",,"=""0547482477""","=""9780547482477""",5,3.44,Harcourt Children's Books,Hardcover,293,2011,2011,2016/01/01,2016/12/03,,,read,,,,1,0
8835379,"Ruby Red (Precious Stone Trilogy, #1)",Kerstin Gier,"Gier, Kerstin",Anthea Bell,"=""0805092528""","=""9780805092523""",5,4.14,Henry Holt,Hardcover,324,2011,2009,2016/01/01,2016/12/03,,,read,,,,1,0
4556058,"The Last Olympian (Percy Jackson and the Olympians, #5)",Rick Riordan,"Riordan, Rick",,"=""1423101472""","=""9781423101475""",5,4.55,Disney-Hyperion Books,Hardcover,381,2009,2009,2016/01/01,2016/12/03,,,read,,,,1,0
4346365,"My Fair Godmother (My Fair Godmother, #1)",Janette Rallison,"Rallison, Janette",,"=""0802797806""","=""9780802797803""",5,3.94,Walker Childrens,Hardcover,320,2009,2009,2016/01/01,2016/12/03,,,read,,,,1,0
3992598,The Demigod Files (Percy Jackson and the Olympians),Rick Riordan,"Riordan, Rick",,"=""142312166X""","=""9781423121664""",5,4.02,Disney-Hyperion Books,Hardcover,151,2009,2009,2016/01/01,2016/12/03,,,read,,,,1,0
561456,"The Titan’s Curse (Percy Jackson and the Olympians, #3)",Rick Riordan,"Riordan, Rick",,"=""""","=""""",5,4.37,Puffin Books,Kindle Edition,352,2007,2007,2016/01/01,2016/12/03,,,read,,,,1,0
2120932,"The Battle of the Labyrinth (Percy Jackson and the Olympians, #4)",Rick Riordan,"Riordan, Rick",,"=""1423101464""","=""9781423101468""",5,4.42,Hyperion Books for Children,Hardcover,361,2008,2008,2016/01/01,2016/12/03,,,read,,,,1,0
28186,"The Sea of Monsters (Percy Jackson and the Olympians, #2)",Rick Riordan,"Riordan, Rick",,"=""0786856866""","=""9780786856862""",5,4.24,Hyperion Books,Hardcover,279,2006,2006,2016/01/01,2016/12/03,,,read,,,,1,0
8364977,"My Unfair Godmother (My Fair Godmother, #2)",Janette Rallison,"Rallison, Janette",,"=""0802722369""","=""9780802722362""",0,4.14,Walker Books for Young Readers,Hardcover,352,2011,2011,,2016/12/03,to-read,to-read (#36),to-read,,,,0,0
23522181,"My Fairly Dangerous Godmother (My Fair Godmother, #3)",Janette Rallison,"Rallison, Janette",,"=""""","=""""",0,4.11,Rally Point Press ,Kindle Edition,322,2015,2015,,2016/12/03,to-read,to-read (#35),to-read,,,,0,0
31579911,"The Warrior Princess of Pennyroyal Academy (Pennyroyal Academy, #3)",M.A. Larson,"Larson, M.A.",,"=""0399545719""","=""9780399545719""",0,4.18,G.P. Putnam's Sons Books for Young Readers,Hardcover,368,2017,2017,,2016/12/03,to-read,to-read (#34),to-read,,,,0,0
25590568,"The Shadow Cadets of Pennyroyal Academy (Pennyroyal Academy, #2)",M.A. Larson,"Larson, M.A.",,"=""""","=""""",0,4.13,,Unknown Binding,,2016,2016,,2016/12/03,to-read,to-read (#33),to-read,,,,0,0
30145666,"The Dark Prophecy (The Trials of Apollo, #2)",Rick Riordan,"Riordan, Rick",,"=""1484746422""","=""9781484746424""",0,4.11,Disney-Hyperion Books,Hardcover,432,2017,2017,,2016/12/03,to-read,to-read (#32),to-read,,,,0,0
12755663,"The Unofficial Heroes of Olympus Companion: Gods, Monsters, Myths and What's in Store for Jason, Piper and Leo",Natalie Buczynsky,"Buczynsky, Natalie","Jonathan Shelnutt, Richard Marcus","=""1612430120""","=""9781612430126""",0,4.00,Ulysses Press,Kindle Edition,220,2011,2011,,2016/12/03,to-read,to-read (#31),to-read,,,,0,0
17312201,"The Son of Sobek (Demigods & Magicians, #1)",Rick Riordan,"Riordan, Rick",,"=""""","=""""",0,4.25,Disney-Hyperion Books,ebook,68,2013,2013,,2016/12/03,to-read,to-read (#30),to-read,,,,0,0
29056083,"Harry Potter and the Cursed Child: Parts One and Two (Harry Potter, #8)",J.K. Rowling,"Rowling, J.K.","Jack Thorne, John Tiffany","=""0540027340""","=""9780540027347""",5,3.47,"Little, Brown",Hardcover,343,2016,2016,2016/01/01,2016/12/03,,,read,,,,1,0
23399287,"Grounded: The Adventures of Rapunzel (Tyme, #1)",Megan   Morrison,"Morrison, Megan",,"=""0545638267""","=""9780545638265""",5,4.17,Arthur A. Levine Books,Hardcover,384,2015,2015,2016/01/01,2016/12/03,,,read,,,,1,0
1,"Harry Potter and the Half-Blood Prince (Harry Potter, #6)",J.K. Rowling,"Rowling, J.K.",,"=""""","=""""",5,4.58,Scholastic Inc,Paperback,652,2006,2005,2016/01/01,2016/12/03,,,read,,,,1,0
20652088,"Ash & Bramble (Ash & Bramble, #1)",Sarah Prineas,"Prineas, Sarah",,"=""0062337947""","=""9780062337948""",5,3.50,HarperTeen,Hardcover,464,2015,2015,2016/01/01,2016/12/03,,,read,,,,1,0
20563778,"The Sisters Grimm (The Sisters Grimm, #1 & #2)",Michael Buckley,"Buckley, Michael",,"=""1435144872""","=""9781435144873""",5,4.47,Abrams Books,Hardcover,580,2012,2005,2016/01/01,2016/12/03,,,read,,,,1,0
24968392,"Beyond the Kingdoms (The Land of Stories, #4)",Chris Colfer,"Colfer, Chris",,"=""""","=""""",5,4.42,"Little, Brown Books for Young Readers",Kindle Edition,433,2015,2015,2016/01/01,2016/12/03,,,read,,,,1,0
20706320,"A Grimm Warning (The Land of Stories, #3)",Chris Colfer,"Colfer, Chris",Brandon Dorman,"=""0316406813""","=""9780316406819""",5,4.45,"Little, Brown Books for Young Readers",Hardcover,480,2014,2014,2016/01/01,2016/12/03,,,read,,,,1,0
17722973,"The Enchantress Returns (The Land of Stories, #2)",Chris Colfer,"Colfer, Chris",Brandon Dorman,"=""0316201545""","=""9780316201544""",5,4.43,"Little, Brown Books for Young Readers",Hardcover,517,2013,2013,2016/01/01,2016/12/03,,,read,,,,1,0
12822875,"The Council of Mirrors (The Sisters Grimm, #9)",Michael Buckley,"Buckley, Michael",Peter Ferguson,"=""141970186X""","=""9781419701863""",5,4.40,Harry N. Abrams,Hardcover,352,2012,2012,2016/01/01,2016/12/03,,,read,,,,1,0
11607446,"The Wishing Spell (The Land of Stories, #1)",Chris Colfer,"Colfer, Chris",,"=""031620157X""","=""9780316201575""",5,4.26,"Little, Brown Young Readers",Hardcover,438,2012,2012,2016/01/01,2016/12/03,,,read,,,,1,0
11433585,"A Very Grimm Guide (Sisters Grimm Companion) (Sisters Grimm, The)",Michael Buckley,"Buckley, Michael",Peter Ferguson,"=""1419702017""","=""9781419702013""",5,4.19,Harry N. Abrams,Hardcover,128,2011,2011,2016/01/01,2016/12/03,,,read,,,,1,0
6757893,"The Inside Story (The Sisters Grimm, #8)",Michael Buckley,"Buckley, Michael",Peter Ferguson,"=""081098430X""","=""9780810984301""",5,4.30,Harry N. Abrams,Hardcover,288,2010,2010,2016/01/01,2016/12/03,,,read,,,,1,0
15881,"Harry Potter and the Chamber of Secrets (Harry Potter, #2)",J.K. Rowling,"Rowling, J.K.",Mary GrandPré,"=""""","=""""",5,4.43,Arthur A. Levine Books,Hardcover,352,1999,1998,2016/01/01,2016/12/03,,,read,,,,1,0
4769651,"The Everafter War (The Sisters Grimm, #7)",Michael Buckley,"Buckley, Michael",Peter Ferguson,"=""0810983559""","=""9780810983557""",5,4.35,Harry N. Abrams,Hardcover,306,2009,2009,2016/01/01,2016/12/03,,,read,,,,1,0
6,"Harry Potter and the Goblet of Fire (Harry Potter, #4)",J.K. Rowling,"Rowling, J.K.",Mary GrandPré,"=""0439139597""","=""9780439139595""",5,4.57,Scholastic,Paperback,734,2002,2000,2016/01/01,2016/12/03,,,read,,,,1,0
136251,"Harry Potter and the Deathly Hallows (Harry Potter, #7)",J.K. Rowling,"Rowling, J.K.",,"=""""","=""""",5,4.62,Arthur A. Levine Books,Hardcover,759,2007,2007,2016/01/01,2016/12/03,,,read,,,,1,0
2,"Harry Potter and the Order of the Phoenix (Harry Potter, #5)",J.K. Rowling,"Rowling, J.K.",Mary GrandPré,"=""0439686520""","=""9780439686525""",5,4.50,Scholastic Inc.,Paperback,870,2004,2003,2016/01/01,2016/12/03,,,read,,,,1,0
5,"Harry Potter and the Prisoner of Azkaban (Harry Potter, #3)",J.K. Rowling,"Rowling, J.K.",Mary GrandPré,"=""043965548X""","=""9780439655484""",5,4.58,Scholastic Inc.,Mass Market Paperback,547,2004,1999,2016/01/01,2016/12/03,,,read,,,,1,0
112879,"Once Upon a Crime (The Sisters Grimm, #4)",Michael Buckley,"Buckley, Michael",Peter Ferguson,"=""081091610X""","=""9780810916104""",5,4.28,Amulet Harry N. Abrams La Martinière Groups,Hardcover,272,2007,2007,2016/01/01,2016/12/03,,,read,,,,1,0
11415545,Alice's Adventures in Wonderland Land; Through the Looking-Glass,Lewis Carroll,"Carroll, Lewis",,"=""""","=""""",4,4.06,The Macmillan Company,Kindle Edition,192,1920,1871,2016/01/01,2016/12/03,,,read,,,,1,0
2073686,"Tales From the Hood (The Sisters Grimm, #6)",Michael Buckley,"Buckley, Michael",Peter Ferguson,"=""081099478X""","=""9780810994782""",5,4.31,Amulet Books,Hardcover,274,2008,2008,2016/01/01,2016/12/03,,,read,,,,1,0
38676,Peter Pan: The Original Story,J.M. Barrie,"Barrie, J.M.",,"=""0060563079""","=""9780060563073""",5,4.03,HarperFestival,Paperback,240,2003,1911,2016/01/01,2016/12/03,,,read,,,,1,0
176327,"The Fairy-Tale Detectives (The Sisters Grimm, #1)",Michael Buckley,"Buckley, Michael",Peter Ferguson,"=""0810959259""","=""9780810959255""",5,4.05,Amulet Books,Hardcover,284,2005,2005,2016/01/01,2016/12/03,,,read,,,,1,0
668710,"Magic and Other Misdemeanors (The Sisters Grimm, #5)",Michael Buckley,"Buckley, Michael",Peter Ferguson,"=""0810993589""","=""9780810993587""",5,4.32,Amulet Books,Hardcover,304,2007,2007,2016/01/01,2016/12/03,,,read,,,,1,0
176326,"The Problem Child (The Sisters Grimm, #3)",Michael Buckley,"Buckley, Michael",Peter Ferguson,"=""0810949148""","=""9780810949140""",5,4.29,Harry N. Abrams,Hardcover,320,2009,2006,2016/01/01,2016/12/03,,,read,,,,1,0
295834,"The Unusual Suspects (The Sisters Grimm, #2)",Michael Buckley,"Buckley, Michael",Peter Ferguson,"=""0810993236""","=""9780810993235""",5,4.24,Amulet Paperbacks,Paperback,292,2007,2005,2016/01/01,2016/12/03,,,read,,,,1,0
20652096,"Rose & Thorn (Ash & Bramble, #2)",Sarah Prineas,"Prineas, Sarah",,"=""0062337998""","=""9780062337993""",0,3.58,HarperTeen,Kindle Edition,416,2016,2016,,2016/12/03,to-read,to-read (#28),to-read,,,,0,0
389547,The End of Harry Potter?: An Unauthorized Guide to the Mysteries that Remain,David Langford,"Langford, David",,"=""0765319349""","=""9780765319340""",0,4.49,Tor Books,Paperback,208,2007,2006,,2016/12/03,to-read,to-read (#27),to-read,,,,0,0
8933944,"Harry Potter: The Prequel (Harry Potter, #0.5)",J.K. Rowling,"Rowling, J.K.",,"=""1156923441""","=""9781156923443""",0,4.09,Books LLC,ebook,3,2008,2008,,2016/12/03,to-read,to-read (#26),to-read,,,,0,0
23611992,Queen Red Riding Hood’s Guide To Royalty (The Land of Stories #Companion),Chris Colfer,"Colfer, Chris",Brandon Dorman,"=""0316383392""","=""9780316383394""",0,4.05,,Hardcover,120,2015,2015,,2016/12/03,to-read,to-read (#25),to-read,,,,0,0
23611985,The Mother Goose Diaries (The Land of Stories #Companion),Chris Colfer,"Colfer, Chris","Brandon Dorman, Olga Ivanov, Aleksey Ivanov","=""0316383325""","=""9780316383325""",0,4.13,Little Brown Books for Young Readers,Hardcover,122,2015,2015,,2016/12/03,to-read,to-read (#24),to-read,,,,0,0
23611997,"An Author's Odyssey (The Land of Stories, #5)",Chris Colfer,"Colfer, Chris",Brandon Dorman,"=""0316317780""","=""9780316317788""",0,4.41,"Little, Brown Books for Young Readers",Hardcover,448,2016,2016,,2016/12/03,to-read,to-read (#23),to-read,,,,0,0
24035804,"Storm and Silence (Storm and Silence, #1)",Robert Thier,"Thier, Robert",,"=""3000513515""","=""9783000513510""",5,4.49,Robert Thier,ebook,765,2016,2016,2016/01/01,2016/11/27,,,read,,,,1,0
18080066,Stupid Cupid,closet_anarchist,"closet_anarchist, closet_anarchist",nelinor,"=""""","=""""",5,3.88,Wattpad,ebook,114,2013,2013,2016/01/01,2016/12/03,,,read,,,,1,0
22328546,"Red Queen (Red Queen, #1)",Victoria Aveyard,"Aveyard, Victoria",,"=""0062310631""","=""9780062310637""",5,3.98,HarperTeen,Hardcover,388,2015,2015,2016/01/01,2016/11/27,,,read,,,,1,0
17405452,"Bad Boy Isn't My Type... (Bad Boy Isn't My Type..., #1)",Lilohorse,"Lilohorse, Lilohorse",,"=""""","=""""",5,3.93,Wattpad,ebook,159,2012,2012,2016/01/01,2016/11/27,,,read,,,,1,0
17157141,"The Bad Boy, Cupid & Me",Slim_Shady,"Slim_Shady, Slim_Shady",,"=""""","=""""",5,4.14,Wattpad,ebook,86,2013,2012,2016/01/01,2016/11/27,,,read,,,,1,0
15724396,"The Sword of Summer (Magnus Chase and the Gods of Asgard, #1)",Rick Riordan,"Riordan, Rick",,"=""1423160916""","=""9781423160915""",5,4.23,Disney-Hyperion Books,Hardcover,491,2015,2015,2016/01/01,2016/11/27,,,read,,,,1,0
12127750,"The Mark of Athena (The Heroes of Olympus, #3)",Rick Riordan,"Riordan, Rick",,"=""1423140605""","=""9781423140603""",4,4.47,Disney-Hyperion Books,Hardcover,586,2012,2012,2016/01/01,2016/11/27,,,read,,,,1,0
11870085,The Fault in Our Stars,John Green,"Green, John",,"=""""","=""""",5,4.12,Dutton Books,Hardcover,313,2012,2012,2016/01/01,2016/11/27,,,read,,,,1,0
11387515,"Wonder (Wonder, #1)",R.J. Palacio,"Palacio, R.J.",,"=""0375869026""","=""9780375869020""",5,4.36,Alfred A. Knopf,Hardcover,315,2012,2012,2016/01/01,2016/11/27,,,read,,,,1,0
3,"Harry Potter and the Sorcerer's Stone (Harry Potter, #1)",J.K. Rowling,"Rowling, J.K.",,"=""0439554934""","=""9780439554930""",5,4.47,Scholastic Inc,Hardcover,309,2003,1997,2016/01/01,2016/11/27,,,read,,,,1,0
28187,"The Lightning Thief (Percy Jackson and the Olympians, #1)",Rick Riordan,"Riordan, Rick",,"=""0786838655""","=""9780786838653""",5,4.31,Disney Hyperion Books,Paperback,377,2006,2005,2016/01/01,2016/11/27,,,read,,,,1,0
1137151,Before Green Gables,Budge Wilson,"Wilson, Budge",,"=""039915468X""","=""9780399154683""",5,3.95,G.P. Putnam's Sons,Hardcover,387,2008,2008,2016/01/01,2016/11/27,,,read,,,,1,0
3950967,"The Tales of Beedle the Bard (Hogwarts Library, #3)",J.K. Rowling,"Rowling, J.K.",Hermione Granger,"=""0747599874""","=""9780747599876""",5,4.03,Bloomsbury,Hardcover,105,2008,2008,2016/01/01,2016/11/27,,,read,,,,1,0
24337,"Ella Enchanted (Ella Enchanted, #1)",Gail Carson Levine,"Levine, Gail Carson",,"=""0590920685""","=""9780590920681""",5,4.02,Scholastic Books,Paperback,240,1998,1997,2016/01/01,2016/11/27,,,read,,,,1,0
2839,Bridge to Terabithia,Katherine Paterson,"Paterson, Katherine",,"=""0439366771""","=""9780439366779""",5,4.06,Harper Collins Publishers,Paperback,128,1996,1977,2016/01/01,2016/11/27,,,read,,,,1,0
277191,"The Ironwood Tree (The Spiderwick Chronicles, #4)",Tony DiTerlizzi,"DiTerlizzi, Tony",Holly Black,"=""0689859392""","=""9780689859397""",5,3.96,Simon  Schuster Books for Young Readers,Hardcover,114,2004,2004,2016/01/01,2016/11/27,,,read,,,,1,0
111332,"Into the Wild (Warriors, #1)",Erin Hunter,"Hunter, Erin",,"=""0061284203""","=""9780061284205""",5,4.32,HarperCollins Publishers,Paperback,288,2004,2003,2016/01/01,2016/12/03,,,read,,,,1,0
28953126,The Whole Town's Talking (Elmwood Springs #4),Fannie Flagg,"Flagg, Fannie",,"=""140006595X""","=""9781400065950""",0,3.67,Random House,Hardcover,402,2016,2016,,2016/12/03,to-read,to-read (#22),to-read,,,,0,0
4268157,"Perfect Chemistry (Perfect Chemistry, #1)",Simone Elkeles,"Elkeles, Simone",,"=""0802798233""","=""9780802798237""",0,4.04,Walker Childrens,Hardcover,368,2008,2008,,2016/12/03,to-read,to-read (#21),to-read,,,,0,0
6936382,"Anna and the French Kiss (Anna and the French Kiss, #1)",Stephanie Perkins,"Perkins, Stephanie",,"=""0525423273""","=""9780525423270""",0,3.96,Dutton Juvenile,Hardcover,372,2010,2010,,2016/12/03,to-read,to-read (#20),to-read,,,,0,0
16248113,"The School for Good and Evil (The School for Good and Evil, #1)",Soman Chainani,"Chainani, Soman",Iacopo Bruno,"=""0062104896""","=""9780062104892""",0,3.99,HarperCollins,Hardcover,488,2013,2013,,2016/12/03,to-read,to-read (#19),to-read,,,,0,0
12000020,"Aristotle and Dante Discover the Secrets of the Universe (Aristotle and Dante, #1)",Benjamin Alire Sáenz,"Sáenz, Benjamin Alire",,"=""1442408928""","=""9781442408920""",0,4.29,Simon & Schuster Books for Young Readers,Hardcover,390,2012,2012,,2016/11/27,to-read,to-read (#18),to-read,,,,0,0
15507958,"Me Before You (Me Before You, #1)",Jojo Moyes,"Moyes, Jojo",,"=""""","=""""",0,4.26,Pamela Dorman Books/Viking,Hardcover,369,2012,2012,,2016/11/27,to-read,to-read (#17),to-read,,,,0,0
16096824,"A Court of Thorns and Roses (A Court of Thorns and Roses, #1)",Sarah J. Maas,"Maas, Sarah J.",,"=""1619634449""","=""9781619634442""",0,4.16,Bloomsbury USA Childrens,Hardcover,419,2015,2015,,2016/11/27,to-read,to-read (#16),to-read,,,,0,0
18405,Gone with the Wind,Margaret Mitchell,"Mitchell, Margaret",,"=""0446365386""","=""9780446365383""",0,4.31,Warner Books,Mass Market Paperback,1037,1993,1936,,2016/11/27,to-read,to-read (#15),to-read,,,,0,0
7896527,"Throne of Glass (Throne of Glass, #1)",Sarah J. Maas,"Maas, Sarah J.",,"=""""","=""""",0,4.18,Bloomsbury USA Children's,Hardcover,406,2012,2012,,2016/11/27,to-read,to-read (#14),to-read,,,,0,0
7735333,"Matched (Matched, #1)",Ally Condie,"Condie, Ally",,"=""0525423648""","=""9780525423645""",0,3.62,Dutton Books for Young Readers,Hardcover,369,2010,2010,,2016/11/27,to-read,to-read (#13),to-read,,,,0,0
13138635,"These Broken Stars (Starbound, #1)",Amie Kaufman,"Kaufman, Amie",Meagan Spooner,"=""1423171020""","=""9781423171027""",0,3.89,Disney Hyperion,Hardcover,389,2013,2013,,2016/11/27,to-read,to-read (#12),to-read,,,,0,0
8235178,"Across the Universe (Across the Universe, #1)",Beth Revis,"Revis, Beth",,"=""1595143971""","=""9781595143976""",0,3.77,Razorbill,Hardcover,399,2011,2011,,2016/11/27,to-read,to-read (#11),to-read,,,,0,0
6487308,"Fallen (Fallen, #1)",Lauren Kate,"Kate, Lauren",,"=""0385738935""","=""9780385738934""",0,3.72,Delacorte Press,Hardcover,464,2009,2009,,2016/11/27,to-read,to-read (#10),to-read,,,,0,0
6304335,"Beautiful Creatures (Caster Chronicles, #1)",Kami Garcia,"Garcia, Kami",Margaret Stohl,"=""0316042676""","=""9780316042673""",0,3.77,"Little, Brown and Company",Hardcover,563,2009,2009,,2016/11/27,to-read,to-read (#9),to-read,,,,0,0
6186357,"The Maze Runner (The Maze Runner, #1)",James Dashner,"Dashner, James",,"=""0385737947""","=""9780385737944""",0,4.05,Delacorte Press,Hardcover,384,2009,2009,,2016/11/27,to-read,to-read (#7),to-read,,,,0,0
13335037,"Divergent (Divergent, #1)",Veronica Roth,"Roth, Veronica",,"=""0062024035""","=""9780062024039""",0,4.13,Katherine Tegen Books,Paperback,487,2012,2011,,2016/11/27,to-read,to-read (#6),to-read,,,,0,0
9565548,"Grave Mercy (His Fair Assassin, #1)",Robin LaFevers,"LaFevers, Robin",,"=""054762834X""","=""9780547628349""",0,3.89,Houghton Mifflin Harcourt,Hardcover,549,2012,2012,,2016/11/27,to-read,to-read (#5),to-read,,,,0,0
18584855,Heartless,Marissa Meyer,"Meyer, Marissa",,"=""1250044650""","=""9781250044655""",0,4.09,Feiwel & Friends,Hardcover,453,2016,2016,,2016/11/27,to-read,to-read (#4),to-read,,,,0,0
28220892,Vassa in the Night,Sarah  Porter,"Porter, Sarah",,"=""0765380544""","=""9780765380548""",0,3.44,Tor Teen,Hardcover,296,2016,2016,,2016/11/27,to-read,to-read (#3),to-read,,,,0,0
11235712,"Cinder (The Lunar Chronicles, #1)",Marissa Meyer,"Meyer, Marissa",,"=""0312641893""","=""9780312641894""",0,4.12,Feiwel & Friends,Hardcover,390,2012,2012,,2016/11/27,to-read,to-read (#2),to-read,,,,0,0
10194157,"Shadow and Bone (Shadow and Bone, #1)",Leigh Bardugo,"Bardugo, Leigh",,"=""1250048117""","=""9781250048110""",0,3.92,Henry Holt & Company,Hardcover,358,2012,2012,,2016/11/27,to-read,to-read (#1),to-read,,,,0,0
